<?xml version="1.0" encoding="UTF-8"?><?xml-stylesheet type='text/xsl' href='_UpgradeReport_Files/UpgradeReport.xslt'?><UpgradeLog>
<Properties><Property Name="Solution" Value="Northwind">
</Property><Property Name="Solution File" Value="C:\DataJatinValabjee\NorthwindNET_v3\Northwind.sln">
</Property><Property Name="Date" Value="Thursday, 19 May 2005">
</Property><Property Name="Time" Value="15:23 PM">
</Property></Properties><Event ErrorLevel="0" Project="WindowsUI" Source="WindowsUI\WindowsUI.vbproj" Description="Project converted successfully">
</Event><Event ErrorLevel="3" Project="WindowsUI" Source="WindowsUI\WindowsUI.vbproj" Description="Converted">
</Event><Event ErrorLevel="0" Project="DataAccess" Source="DataAccess\DataAccess.vbproj" Description="Project converted successfully">
</Event><Event ErrorLevel="3" Project="DataAccess" Source="DataAccess\DataAccess.vbproj" Description="Converted">
</Event><Event ErrorLevel="0" Project="DataSets" Source="DataSets\DataSets.vbproj" Description="Project converted successfully">
</Event><Event ErrorLevel="3" Project="DataSets" Source="DataSets\DataSets.vbproj" Description="Converted">
</Event><Event ErrorLevel="0" Project="Business" Source="Business\Business.vbproj" Description="Project converted successfully">
</Event><Event ErrorLevel="3" Project="Business" Source="Business\Business.vbproj" Description="Converted">
</Event><Event ErrorLevel="0" Project="" Source="Northwind.sln" Description="Solution converted successfully">
</Event><Event ErrorLevel="3" Project="" Source="Northwind.sln" Description="Converted">
</Event></UpgradeLog>