<?xml version="1.0"?>
<doc>
    <assembly>
        <name>NorthwindSample.BusinessServiceInterfaces</name>
    </assembly>
    <members>
        <member name="T:NorthwindSample.BusinessServiceInterfaces.Base.ICategoriesServiceBase">
            <summary>
            CategoriesServiceBase defines the methods that are automatically generated for Business services.
            </summary>
            <remarks>
            Any additional functionality must be added to the CategoriesService class.
            <br/><br/>
            This class was automatically generated by Rad Software NextGeneration <a href="http://www.radsoftware.com.au">http://www.radsoftware.com.au</a>
            </remarks>
        </member>
        <member name="M:NorthwindSample.BusinessServiceInterfaces.Base.ICategoriesServiceBase.GetAll(NorthwindSample.Data.CategoriesDataSet)">
            <summary>
            Fills the DataSet with all rows from the Categories table
            </summary>
            <param name="dataSetFill">The DataSet to fill</param>
            <returns>A count of the rows selected</returns>
        </member>
        <member name="M:NorthwindSample.BusinessServiceInterfaces.Base.ICategoriesServiceBase.GetByQuery(System.Data.DataSet,RAD.AppFramework.QueryObjects.Query)">
            <summary>
            Fills a DataSet based on a Query definition
            </summary>
            <param name="dataSetFill">The DataSet to return the rows into</param>
            <param name="queryDefinition">A Query object that defines the query</param>
            <returns>A count of the rows added to the DataSet</returns>
        </member>
        <member name="M:NorthwindSample.BusinessServiceInterfaces.Base.ICategoriesServiceBase.UpdateDataSet(NorthwindSample.Data.CategoriesDataSet)">
            <summary>
            Perform any inserts, updates or deletes on the DataSet
            </summary>
            <param name="dataSetUpdate">The DataSet to update</param>
            <returns>The number of rows updated</returns>
        </member>
        <member name="M:NorthwindSample.BusinessServiceInterfaces.Base.ICategoriesServiceBase.GetByCategoryID(NorthwindSample.Data.CategoriesDataSet,System.Int32)">
            <summary>
            Return all rows from the Categories table by Primary Key
            </summary>
            <param name="dataSetFill">The DataSet to return the rows into</param>
            <param name="CategoryID">The CategoryID to use as search criteria</param>
            <returns>The number of rows added to the DataSet</returns>
        </member>
        <member name="T:NorthwindSample.BusinessServiceInterfaces.Base.ICustomerCustomerDemoServiceBase">
            <summary>
            CustomerCustomerDemoServiceBase defines the methods that are automatically generated for Business services.
            </summary>
            <remarks>
            Any additional functionality must be added to the CustomerCustomerDemoService class.
            <br/><br/>
            This class was automatically generated by Rad Software NextGeneration <a href="http://www.radsoftware.com.au">http://www.radsoftware.com.au</a>
            </remarks>
        </member>
        <member name="M:NorthwindSample.BusinessServiceInterfaces.Base.ICustomerCustomerDemoServiceBase.GetAll(NorthwindSample.Data.CustomerCustomerDemoDataSet)">
            <summary>
            Fills the DataSet with all rows from the CustomerCustomerDemo table
            </summary>
            <param name="dataSetFill">The DataSet to fill</param>
            <returns>A count of the rows selected</returns>
        </member>
        <member name="M:NorthwindSample.BusinessServiceInterfaces.Base.ICustomerCustomerDemoServiceBase.GetByQuery(System.Data.DataSet,RAD.AppFramework.QueryObjects.Query)">
            <summary>
            Fills a DataSet based on a Query definition
            </summary>
            <param name="dataSetFill">The DataSet to return the rows into</param>
            <param name="queryDefinition">A Query object that defines the query</param>
            <returns>A count of the rows added to the DataSet</returns>
        </member>
        <member name="M:NorthwindSample.BusinessServiceInterfaces.Base.ICustomerCustomerDemoServiceBase.UpdateDataSet(NorthwindSample.Data.CustomerCustomerDemoDataSet)">
            <summary>
            Perform any inserts, updates or deletes on the DataSet
            </summary>
            <param name="dataSetUpdate">The DataSet to update</param>
            <returns>The number of rows updated</returns>
        </member>
        <member name="M:NorthwindSample.BusinessServiceInterfaces.Base.ICustomerCustomerDemoServiceBase.GetByCustomerIDAndCustomerTypeID(NorthwindSample.Data.CustomerCustomerDemoDataSet,System.String,System.String)">
            <summary>
            Return all rows from the CustomerCustomerDemo table by Primary Key
            </summary>
            <param name="dataSetFill">The DataSet to return the rows into</param>
            <param name="CustomerID">The CustomerID to use as search criteria</param>
            <param name="CustomerTypeID">The CustomerTypeID to use as search criteria</param>
            <returns>The number of rows added to the DataSet</returns>
        </member>
        <member name="M:NorthwindSample.BusinessServiceInterfaces.Base.ICustomerCustomerDemoServiceBase.GetByCustomerTypeID(NorthwindSample.Data.CustomerCustomerDemoDataSet,System.String)">
            <summary>
            Return all rows from the CustomerCustomerDemo table by CustomerTypeID
            </summary>
            <param name="dataSetFill">The DataSet to return the rows into</param>
            <param name="CustomerTypeID">The CustomerTypeID to use as search criteria</param>
            <returns>The number of rows added to the DataSet</returns>
        </member>
        <member name="M:NorthwindSample.BusinessServiceInterfaces.Base.ICustomerCustomerDemoServiceBase.GetByCustomerID(NorthwindSample.Data.CustomerCustomerDemoDataSet,System.String)">
            <summary>
            Return all rows from the CustomerCustomerDemo table by CustomerID
            </summary>
            <param name="dataSetFill">The DataSet to return the rows into</param>
            <param name="CustomerID">The CustomerID to use as search criteria</param>
            <returns>The number of rows added to the DataSet</returns>
        </member>
        <member name="T:NorthwindSample.BusinessServiceInterfaces.Base.ICustomerDemographicsServiceBase">
            <summary>
            CustomerDemographicsServiceBase defines the methods that are automatically generated for Business services.
            </summary>
            <remarks>
            Any additional functionality must be added to the CustomerDemographicsService class.
            <br/><br/>
            This class was automatically generated by Rad Software NextGeneration <a href="http://www.radsoftware.com.au">http://www.radsoftware.com.au</a>
            </remarks>
        </member>
        <member name="M:NorthwindSample.BusinessServiceInterfaces.Base.ICustomerDemographicsServiceBase.GetAll(NorthwindSample.Data.CustomerDemographicsDataSet)">
            <summary>
            Fills the DataSet with all rows from the CustomerDemographics table
            </summary>
            <param name="dataSetFill">The DataSet to fill</param>
            <returns>A count of the rows selected</returns>
        </member>
        <member name="M:NorthwindSample.BusinessServiceInterfaces.Base.ICustomerDemographicsServiceBase.GetByQuery(System.Data.DataSet,RAD.AppFramework.QueryObjects.Query)">
            <summary>
            Fills a DataSet based on a Query definition
            </summary>
            <param name="dataSetFill">The DataSet to return the rows into</param>
            <param name="queryDefinition">A Query object that defines the query</param>
            <returns>A count of the rows added to the DataSet</returns>
        </member>
        <member name="M:NorthwindSample.BusinessServiceInterfaces.Base.ICustomerDemographicsServiceBase.UpdateDataSet(NorthwindSample.Data.CustomerDemographicsDataSet)">
            <summary>
            Perform any inserts, updates or deletes on the DataSet
            </summary>
            <param name="dataSetUpdate">The DataSet to update</param>
            <returns>The number of rows updated</returns>
        </member>
        <member name="M:NorthwindSample.BusinessServiceInterfaces.Base.ICustomerDemographicsServiceBase.GetByCustomerTypeID(NorthwindSample.Data.CustomerDemographicsDataSet,System.String)">
            <summary>
            Return all rows from the CustomerDemographics table by Primary Key
            </summary>
            <param name="dataSetFill">The DataSet to return the rows into</param>
            <param name="CustomerTypeID">The CustomerTypeID to use as search criteria</param>
            <returns>The number of rows added to the DataSet</returns>
        </member>
        <member name="T:NorthwindSample.BusinessServiceInterfaces.Base.ICustomersServiceBase">
            <summary>
            CustomersServiceBase defines the methods that are automatically generated for Business services.
            </summary>
            <remarks>
            Any additional functionality must be added to the CustomersService class.
            <br/><br/>
            This class was automatically generated by Rad Software NextGeneration <a href="http://www.radsoftware.com.au">http://www.radsoftware.com.au</a>
            </remarks>
        </member>
        <member name="M:NorthwindSample.BusinessServiceInterfaces.Base.ICustomersServiceBase.GetAll(NorthwindSample.Data.CustomersDataSet)">
            <summary>
            Fills the DataSet with all rows from the Customers table
            </summary>
            <param name="dataSetFill">The DataSet to fill</param>
            <returns>A count of the rows selected</returns>
        </member>
        <member name="M:NorthwindSample.BusinessServiceInterfaces.Base.ICustomersServiceBase.GetByQuery(System.Data.DataSet,RAD.AppFramework.QueryObjects.Query)">
            <summary>
            Fills a DataSet based on a Query definition
            </summary>
            <param name="dataSetFill">The DataSet to return the rows into</param>
            <param name="queryDefinition">A Query object that defines the query</param>
            <returns>A count of the rows added to the DataSet</returns>
        </member>
        <member name="M:NorthwindSample.BusinessServiceInterfaces.Base.ICustomersServiceBase.UpdateDataSet(NorthwindSample.Data.CustomersDataSet)">
            <summary>
            Perform any inserts, updates or deletes on the DataSet
            </summary>
            <param name="dataSetUpdate">The DataSet to update</param>
            <returns>The number of rows updated</returns>
        </member>
        <member name="M:NorthwindSample.BusinessServiceInterfaces.Base.ICustomersServiceBase.GetByCustomerID(NorthwindSample.Data.CustomersDataSet,System.String)">
            <summary>
            Return all rows from the Customers table by Primary Key
            </summary>
            <param name="dataSetFill">The DataSet to return the rows into</param>
            <param name="CustomerID">The CustomerID to use as search criteria</param>
            <returns>The number of rows added to the DataSet</returns>
        </member>
        <member name="T:NorthwindSample.BusinessServiceInterfaces.Base.IEmployeesServiceBase">
            <summary>
            EmployeesServiceBase defines the methods that are automatically generated for Business services.
            </summary>
            <remarks>
            Any additional functionality must be added to the EmployeesService class.
            <br/><br/>
            This class was automatically generated by Rad Software NextGeneration <a href="http://www.radsoftware.com.au">http://www.radsoftware.com.au</a>
            </remarks>
        </member>
        <member name="M:NorthwindSample.BusinessServiceInterfaces.Base.IEmployeesServiceBase.GetAll(NorthwindSample.Data.EmployeesDataSet)">
            <summary>
            Fills the DataSet with all rows from the Employees table
            </summary>
            <param name="dataSetFill">The DataSet to fill</param>
            <returns>A count of the rows selected</returns>
        </member>
        <member name="M:NorthwindSample.BusinessServiceInterfaces.Base.IEmployeesServiceBase.GetByQuery(System.Data.DataSet,RAD.AppFramework.QueryObjects.Query)">
            <summary>
            Fills a DataSet based on a Query definition
            </summary>
            <param name="dataSetFill">The DataSet to return the rows into</param>
            <param name="queryDefinition">A Query object that defines the query</param>
            <returns>A count of the rows added to the DataSet</returns>
        </member>
        <member name="M:NorthwindSample.BusinessServiceInterfaces.Base.IEmployeesServiceBase.UpdateDataSet(NorthwindSample.Data.EmployeesDataSet)">
            <summary>
            Perform any inserts, updates or deletes on the DataSet
            </summary>
            <param name="dataSetUpdate">The DataSet to update</param>
            <returns>The number of rows updated</returns>
        </member>
        <member name="M:NorthwindSample.BusinessServiceInterfaces.Base.IEmployeesServiceBase.GetByEmployeeID(NorthwindSample.Data.EmployeesDataSet,System.Int32)">
            <summary>
            Return all rows from the Employees table by Primary Key
            </summary>
            <param name="dataSetFill">The DataSet to return the rows into</param>
            <param name="EmployeeID">The EmployeeID to use as search criteria</param>
            <returns>The number of rows added to the DataSet</returns>
        </member>
        <member name="M:NorthwindSample.BusinessServiceInterfaces.Base.IEmployeesServiceBase.GetByReportsTo(NorthwindSample.Data.EmployeesDataSet,System.Int32)">
            <summary>
            Return all rows from the Employees table by ReportsTo
            </summary>
            <param name="dataSetFill">The DataSet to return the rows into</param>
            <param name="ReportsTo">The ReportsTo to use as search criteria</param>
            <returns>The number of rows added to the DataSet</returns>
        </member>
        <member name="T:NorthwindSample.BusinessServiceInterfaces.Base.IEmployeeTerritoriesServiceBase">
            <summary>
            EmployeeTerritoriesServiceBase defines the methods that are automatically generated for Business services.
            </summary>
            <remarks>
            Any additional functionality must be added to the EmployeeTerritoriesService class.
            <br/><br/>
            This class was automatically generated by Rad Software NextGeneration <a href="http://www.radsoftware.com.au">http://www.radsoftware.com.au</a>
            </remarks>
        </member>
        <member name="M:NorthwindSample.BusinessServiceInterfaces.Base.IEmployeeTerritoriesServiceBase.GetAll(NorthwindSample.Data.EmployeeTerritoriesDataSet)">
            <summary>
            Fills the DataSet with all rows from the EmployeeTerritories table
            </summary>
            <param name="dataSetFill">The DataSet to fill</param>
            <returns>A count of the rows selected</returns>
        </member>
        <member name="M:NorthwindSample.BusinessServiceInterfaces.Base.IEmployeeTerritoriesServiceBase.GetByQuery(System.Data.DataSet,RAD.AppFramework.QueryObjects.Query)">
            <summary>
            Fills a DataSet based on a Query definition
            </summary>
            <param name="dataSetFill">The DataSet to return the rows into</param>
            <param name="queryDefinition">A Query object that defines the query</param>
            <returns>A count of the rows added to the DataSet</returns>
        </member>
        <member name="M:NorthwindSample.BusinessServiceInterfaces.Base.IEmployeeTerritoriesServiceBase.UpdateDataSet(NorthwindSample.Data.EmployeeTerritoriesDataSet)">
            <summary>
            Perform any inserts, updates or deletes on the DataSet
            </summary>
            <param name="dataSetUpdate">The DataSet to update</param>
            <returns>The number of rows updated</returns>
        </member>
        <member name="M:NorthwindSample.BusinessServiceInterfaces.Base.IEmployeeTerritoriesServiceBase.GetByEmployeeIDAndTerritoryID(NorthwindSample.Data.EmployeeTerritoriesDataSet,System.Int32,System.String)">
            <summary>
            Return all rows from the EmployeeTerritories table by Primary Key
            </summary>
            <param name="dataSetFill">The DataSet to return the rows into</param>
            <param name="EmployeeID">The EmployeeID to use as search criteria</param>
            <param name="TerritoryID">The TerritoryID to use as search criteria</param>
            <returns>The number of rows added to the DataSet</returns>
        </member>
        <member name="M:NorthwindSample.BusinessServiceInterfaces.Base.IEmployeeTerritoriesServiceBase.GetByEmployeeID(NorthwindSample.Data.EmployeeTerritoriesDataSet,System.Int32)">
            <summary>
            Return all rows from the EmployeeTerritories table by EmployeeID
            </summary>
            <param name="dataSetFill">The DataSet to return the rows into</param>
            <param name="EmployeeID">The EmployeeID to use as search criteria</param>
            <returns>The number of rows added to the DataSet</returns>
        </member>
        <member name="M:NorthwindSample.BusinessServiceInterfaces.Base.IEmployeeTerritoriesServiceBase.GetByTerritoryID(NorthwindSample.Data.EmployeeTerritoriesDataSet,System.String)">
            <summary>
            Return all rows from the EmployeeTerritories table by TerritoryID
            </summary>
            <param name="dataSetFill">The DataSet to return the rows into</param>
            <param name="TerritoryID">The TerritoryID to use as search criteria</param>
            <returns>The number of rows added to the DataSet</returns>
        </member>
        <member name="T:NorthwindSample.BusinessServiceInterfaces.Base.IOrderDetailsServiceBase">
            <summary>
            OrderDetailsServiceBase defines the methods that are automatically generated for Business services.
            </summary>
            <remarks>
            Any additional functionality must be added to the OrderDetailsService class.
            <br/><br/>
            This class was automatically generated by Rad Software NextGeneration <a href="http://www.radsoftware.com.au">http://www.radsoftware.com.au</a>
            </remarks>
        </member>
        <member name="M:NorthwindSample.BusinessServiceInterfaces.Base.IOrderDetailsServiceBase.GetAll(NorthwindSample.Data.OrderDetailsDataSet)">
            <summary>
            Fills the DataSet with all rows from the Order Details table
            </summary>
            <param name="dataSetFill">The DataSet to fill</param>
            <returns>A count of the rows selected</returns>
        </member>
        <member name="M:NorthwindSample.BusinessServiceInterfaces.Base.IOrderDetailsServiceBase.GetByQuery(System.Data.DataSet,RAD.AppFramework.QueryObjects.Query)">
            <summary>
            Fills a DataSet based on a Query definition
            </summary>
            <param name="dataSetFill">The DataSet to return the rows into</param>
            <param name="queryDefinition">A Query object that defines the query</param>
            <returns>A count of the rows added to the DataSet</returns>
        </member>
        <member name="M:NorthwindSample.BusinessServiceInterfaces.Base.IOrderDetailsServiceBase.UpdateDataSet(NorthwindSample.Data.OrderDetailsDataSet)">
            <summary>
            Perform any inserts, updates or deletes on the DataSet
            </summary>
            <param name="dataSetUpdate">The DataSet to update</param>
            <returns>The number of rows updated</returns>
        </member>
        <member name="M:NorthwindSample.BusinessServiceInterfaces.Base.IOrderDetailsServiceBase.GetByOrderIDAndProductID(NorthwindSample.Data.OrderDetailsDataSet,System.Int32,System.Int32)">
            <summary>
            Return all rows from the Order Details table by Primary Key
            </summary>
            <param name="dataSetFill">The DataSet to return the rows into</param>
            <param name="OrderID">The OrderID to use as search criteria</param>
            <param name="ProductID">The ProductID to use as search criteria</param>
            <returns>The number of rows added to the DataSet</returns>
        </member>
        <member name="M:NorthwindSample.BusinessServiceInterfaces.Base.IOrderDetailsServiceBase.GetByOrderID(NorthwindSample.Data.OrderDetailsDataSet,System.Int32)">
            <summary>
            Return all rows from the Order Details table by OrderID
            </summary>
            <param name="dataSetFill">The DataSet to return the rows into</param>
            <param name="OrderID">The OrderID to use as search criteria</param>
            <returns>The number of rows added to the DataSet</returns>
        </member>
        <member name="M:NorthwindSample.BusinessServiceInterfaces.Base.IOrderDetailsServiceBase.GetByProductID(NorthwindSample.Data.OrderDetailsDataSet,System.Int32)">
            <summary>
            Return all rows from the Order Details table by ProductID
            </summary>
            <param name="dataSetFill">The DataSet to return the rows into</param>
            <param name="ProductID">The ProductID to use as search criteria</param>
            <returns>The number of rows added to the DataSet</returns>
        </member>
        <member name="T:NorthwindSample.BusinessServiceInterfaces.Base.IOrdersServiceBase">
            <summary>
            OrdersServiceBase defines the methods that are automatically generated for Business services.
            </summary>
            <remarks>
            Any additional functionality must be added to the OrdersService class.
            <br/><br/>
            This class was automatically generated by Rad Software NextGeneration <a href="http://www.radsoftware.com.au">http://www.radsoftware.com.au</a>
            </remarks>
        </member>
        <member name="M:NorthwindSample.BusinessServiceInterfaces.Base.IOrdersServiceBase.GetAll(NorthwindSample.Data.OrdersDataSet)">
            <summary>
            Fills the DataSet with all rows from the Orders table
            </summary>
            <param name="dataSetFill">The DataSet to fill</param>
            <returns>A count of the rows selected</returns>
        </member>
        <member name="M:NorthwindSample.BusinessServiceInterfaces.Base.IOrdersServiceBase.GetByQuery(System.Data.DataSet,RAD.AppFramework.QueryObjects.Query)">
            <summary>
            Fills a DataSet based on a Query definition
            </summary>
            <param name="dataSetFill">The DataSet to return the rows into</param>
            <param name="queryDefinition">A Query object that defines the query</param>
            <returns>A count of the rows added to the DataSet</returns>
        </member>
        <member name="M:NorthwindSample.BusinessServiceInterfaces.Base.IOrdersServiceBase.UpdateDataSet(NorthwindSample.Data.OrdersDataSet)">
            <summary>
            Perform any inserts, updates or deletes on the DataSet
            </summary>
            <param name="dataSetUpdate">The DataSet to update</param>
            <returns>The number of rows updated</returns>
        </member>
        <member name="M:NorthwindSample.BusinessServiceInterfaces.Base.IOrdersServiceBase.GetByOrderID(NorthwindSample.Data.OrdersDataSet,System.Int32)">
            <summary>
            Return all rows from the Orders table by Primary Key
            </summary>
            <param name="dataSetFill">The DataSet to return the rows into</param>
            <param name="OrderID">The OrderID to use as search criteria</param>
            <returns>The number of rows added to the DataSet</returns>
        </member>
        <member name="M:NorthwindSample.BusinessServiceInterfaces.Base.IOrdersServiceBase.GetByCustomerID(NorthwindSample.Data.OrdersDataSet,System.String)">
            <summary>
            Return all rows from the Orders table by CustomerID
            </summary>
            <param name="dataSetFill">The DataSet to return the rows into</param>
            <param name="CustomerID">The CustomerID to use as search criteria</param>
            <returns>The number of rows added to the DataSet</returns>
        </member>
        <member name="M:NorthwindSample.BusinessServiceInterfaces.Base.IOrdersServiceBase.GetByEmployeeID(NorthwindSample.Data.OrdersDataSet,System.Int32)">
            <summary>
            Return all rows from the Orders table by EmployeeID
            </summary>
            <param name="dataSetFill">The DataSet to return the rows into</param>
            <param name="EmployeeID">The EmployeeID to use as search criteria</param>
            <returns>The number of rows added to the DataSet</returns>
        </member>
        <member name="M:NorthwindSample.BusinessServiceInterfaces.Base.IOrdersServiceBase.GetByShipVia(NorthwindSample.Data.OrdersDataSet,System.Int32)">
            <summary>
            Return all rows from the Orders table by ShipVia
            </summary>
            <param name="dataSetFill">The DataSet to return the rows into</param>
            <param name="ShipVia">The ShipVia to use as search criteria</param>
            <returns>The number of rows added to the DataSet</returns>
        </member>
        <member name="T:NorthwindSample.BusinessServiceInterfaces.Base.IProductsServiceBase">
            <summary>
            ProductsServiceBase defines the methods that are automatically generated for Business services.
            </summary>
            <remarks>
            Any additional functionality must be added to the ProductsService class.
            <br/><br/>
            This class was automatically generated by Rad Software NextGeneration <a href="http://www.radsoftware.com.au">http://www.radsoftware.com.au</a>
            </remarks>
        </member>
        <member name="M:NorthwindSample.BusinessServiceInterfaces.Base.IProductsServiceBase.GetAll(NorthwindSample.Data.ProductsDataSet)">
            <summary>
            Fills the DataSet with all rows from the Products table
            </summary>
            <param name="dataSetFill">The DataSet to fill</param>
            <returns>A count of the rows selected</returns>
        </member>
        <member name="M:NorthwindSample.BusinessServiceInterfaces.Base.IProductsServiceBase.GetByQuery(System.Data.DataSet,RAD.AppFramework.QueryObjects.Query)">
            <summary>
            Fills a DataSet based on a Query definition
            </summary>
            <param name="dataSetFill">The DataSet to return the rows into</param>
            <param name="queryDefinition">A Query object that defines the query</param>
            <returns>A count of the rows added to the DataSet</returns>
        </member>
        <member name="M:NorthwindSample.BusinessServiceInterfaces.Base.IProductsServiceBase.UpdateDataSet(NorthwindSample.Data.ProductsDataSet)">
            <summary>
            Perform any inserts, updates or deletes on the DataSet
            </summary>
            <param name="dataSetUpdate">The DataSet to update</param>
            <returns>The number of rows updated</returns>
        </member>
        <member name="M:NorthwindSample.BusinessServiceInterfaces.Base.IProductsServiceBase.GetByProductID(NorthwindSample.Data.ProductsDataSet,System.Int32)">
            <summary>
            Return all rows from the Products table by Primary Key
            </summary>
            <param name="dataSetFill">The DataSet to return the rows into</param>
            <param name="ProductID">The ProductID to use as search criteria</param>
            <returns>The number of rows added to the DataSet</returns>
        </member>
        <member name="M:NorthwindSample.BusinessServiceInterfaces.Base.IProductsServiceBase.GetByCategoryID(NorthwindSample.Data.ProductsDataSet,System.Int32)">
            <summary>
            Return all rows from the Products table by CategoryID
            </summary>
            <param name="dataSetFill">The DataSet to return the rows into</param>
            <param name="CategoryID">The CategoryID to use as search criteria</param>
            <returns>The number of rows added to the DataSet</returns>
        </member>
        <member name="M:NorthwindSample.BusinessServiceInterfaces.Base.IProductsServiceBase.GetBySupplierID(NorthwindSample.Data.ProductsDataSet,System.Int32)">
            <summary>
            Return all rows from the Products table by SupplierID
            </summary>
            <param name="dataSetFill">The DataSet to return the rows into</param>
            <param name="SupplierID">The SupplierID to use as search criteria</param>
            <returns>The number of rows added to the DataSet</returns>
        </member>
        <member name="T:NorthwindSample.BusinessServiceInterfaces.Base.IRegionServiceBase">
            <summary>
            RegionServiceBase defines the methods that are automatically generated for Business services.
            </summary>
            <remarks>
            Any additional functionality must be added to the RegionService class.
            <br/><br/>
            This class was automatically generated by Rad Software NextGeneration <a href="http://www.radsoftware.com.au">http://www.radsoftware.com.au</a>
            </remarks>
        </member>
        <member name="M:NorthwindSample.BusinessServiceInterfaces.Base.IRegionServiceBase.GetAll(NorthwindSample.Data.RegionDataSet)">
            <summary>
            Fills the DataSet with all rows from the Region table
            </summary>
            <param name="dataSetFill">The DataSet to fill</param>
            <returns>A count of the rows selected</returns>
        </member>
        <member name="M:NorthwindSample.BusinessServiceInterfaces.Base.IRegionServiceBase.GetByQuery(System.Data.DataSet,RAD.AppFramework.QueryObjects.Query)">
            <summary>
            Fills a DataSet based on a Query definition
            </summary>
            <param name="dataSetFill">The DataSet to return the rows into</param>
            <param name="queryDefinition">A Query object that defines the query</param>
            <returns>A count of the rows added to the DataSet</returns>
        </member>
        <member name="M:NorthwindSample.BusinessServiceInterfaces.Base.IRegionServiceBase.UpdateDataSet(NorthwindSample.Data.RegionDataSet)">
            <summary>
            Perform any inserts, updates or deletes on the DataSet
            </summary>
            <param name="dataSetUpdate">The DataSet to update</param>
            <returns>The number of rows updated</returns>
        </member>
        <member name="M:NorthwindSample.BusinessServiceInterfaces.Base.IRegionServiceBase.GetByRegionID(NorthwindSample.Data.RegionDataSet,System.Int32)">
            <summary>
            Return all rows from the Region table by Primary Key
            </summary>
            <param name="dataSetFill">The DataSet to return the rows into</param>
            <param name="RegionID">The RegionID to use as search criteria</param>
            <returns>The number of rows added to the DataSet</returns>
        </member>
        <member name="T:NorthwindSample.BusinessServiceInterfaces.Base.IShippersServiceBase">
            <summary>
            ShippersServiceBase defines the methods that are automatically generated for Business services.
            </summary>
            <remarks>
            Any additional functionality must be added to the ShippersService class.
            <br/><br/>
            This class was automatically generated by Rad Software NextGeneration <a href="http://www.radsoftware.com.au">http://www.radsoftware.com.au</a>
            </remarks>
        </member>
        <member name="M:NorthwindSample.BusinessServiceInterfaces.Base.IShippersServiceBase.GetAll(NorthwindSample.Data.ShippersDataSet)">
            <summary>
            Fills the DataSet with all rows from the Shippers table
            </summary>
            <param name="dataSetFill">The DataSet to fill</param>
            <returns>A count of the rows selected</returns>
        </member>
        <member name="M:NorthwindSample.BusinessServiceInterfaces.Base.IShippersServiceBase.GetByQuery(System.Data.DataSet,RAD.AppFramework.QueryObjects.Query)">
            <summary>
            Fills a DataSet based on a Query definition
            </summary>
            <param name="dataSetFill">The DataSet to return the rows into</param>
            <param name="queryDefinition">A Query object that defines the query</param>
            <returns>A count of the rows added to the DataSet</returns>
        </member>
        <member name="M:NorthwindSample.BusinessServiceInterfaces.Base.IShippersServiceBase.UpdateDataSet(NorthwindSample.Data.ShippersDataSet)">
            <summary>
            Perform any inserts, updates or deletes on the DataSet
            </summary>
            <param name="dataSetUpdate">The DataSet to update</param>
            <returns>The number of rows updated</returns>
        </member>
        <member name="M:NorthwindSample.BusinessServiceInterfaces.Base.IShippersServiceBase.GetByShipperID(NorthwindSample.Data.ShippersDataSet,System.Int32)">
            <summary>
            Return all rows from the Shippers table by Primary Key
            </summary>
            <param name="dataSetFill">The DataSet to return the rows into</param>
            <param name="ShipperID">The ShipperID to use as search criteria</param>
            <returns>The number of rows added to the DataSet</returns>
        </member>
        <member name="T:NorthwindSample.BusinessServiceInterfaces.Base.ISuppliersServiceBase">
            <summary>
            SuppliersServiceBase defines the methods that are automatically generated for Business services.
            </summary>
            <remarks>
            Any additional functionality must be added to the SuppliersService class.
            <br/><br/>
            This class was automatically generated by Rad Software NextGeneration <a href="http://www.radsoftware.com.au">http://www.radsoftware.com.au</a>
            </remarks>
        </member>
        <member name="M:NorthwindSample.BusinessServiceInterfaces.Base.ISuppliersServiceBase.GetAll(NorthwindSample.Data.SuppliersDataSet)">
            <summary>
            Fills the DataSet with all rows from the Suppliers table
            </summary>
            <param name="dataSetFill">The DataSet to fill</param>
            <returns>A count of the rows selected</returns>
        </member>
        <member name="M:NorthwindSample.BusinessServiceInterfaces.Base.ISuppliersServiceBase.GetByQuery(System.Data.DataSet,RAD.AppFramework.QueryObjects.Query)">
            <summary>
            Fills a DataSet based on a Query definition
            </summary>
            <param name="dataSetFill">The DataSet to return the rows into</param>
            <param name="queryDefinition">A Query object that defines the query</param>
            <returns>A count of the rows added to the DataSet</returns>
        </member>
        <member name="M:NorthwindSample.BusinessServiceInterfaces.Base.ISuppliersServiceBase.UpdateDataSet(NorthwindSample.Data.SuppliersDataSet)">
            <summary>
            Perform any inserts, updates or deletes on the DataSet
            </summary>
            <param name="dataSetUpdate">The DataSet to update</param>
            <returns>The number of rows updated</returns>
        </member>
        <member name="M:NorthwindSample.BusinessServiceInterfaces.Base.ISuppliersServiceBase.GetBySupplierID(NorthwindSample.Data.SuppliersDataSet,System.Int32)">
            <summary>
            Return all rows from the Suppliers table by Primary Key
            </summary>
            <param name="dataSetFill">The DataSet to return the rows into</param>
            <param name="SupplierID">The SupplierID to use as search criteria</param>
            <returns>The number of rows added to the DataSet</returns>
        </member>
        <member name="T:NorthwindSample.BusinessServiceInterfaces.Base.ITerritoriesServiceBase">
            <summary>
            TerritoriesServiceBase defines the methods that are automatically generated for Business services.
            </summary>
            <remarks>
            Any additional functionality must be added to the TerritoriesService class.
            <br/><br/>
            This class was automatically generated by Rad Software NextGeneration <a href="http://www.radsoftware.com.au">http://www.radsoftware.com.au</a>
            </remarks>
        </member>
        <member name="M:NorthwindSample.BusinessServiceInterfaces.Base.ITerritoriesServiceBase.GetAll(NorthwindSample.Data.TerritoriesDataSet)">
            <summary>
            Fills the DataSet with all rows from the Territories table
            </summary>
            <param name="dataSetFill">The DataSet to fill</param>
            <returns>A count of the rows selected</returns>
        </member>
        <member name="M:NorthwindSample.BusinessServiceInterfaces.Base.ITerritoriesServiceBase.GetByQuery(System.Data.DataSet,RAD.AppFramework.QueryObjects.Query)">
            <summary>
            Fills a DataSet based on a Query definition
            </summary>
            <param name="dataSetFill">The DataSet to return the rows into</param>
            <param name="queryDefinition">A Query object that defines the query</param>
            <returns>A count of the rows added to the DataSet</returns>
        </member>
        <member name="M:NorthwindSample.BusinessServiceInterfaces.Base.ITerritoriesServiceBase.UpdateDataSet(NorthwindSample.Data.TerritoriesDataSet)">
            <summary>
            Perform any inserts, updates or deletes on the DataSet
            </summary>
            <param name="dataSetUpdate">The DataSet to update</param>
            <returns>The number of rows updated</returns>
        </member>
        <member name="M:NorthwindSample.BusinessServiceInterfaces.Base.ITerritoriesServiceBase.GetByTerritoryID(NorthwindSample.Data.TerritoriesDataSet,System.String)">
            <summary>
            Return all rows from the Territories table by Primary Key
            </summary>
            <param name="dataSetFill">The DataSet to return the rows into</param>
            <param name="TerritoryID">The TerritoryID to use as search criteria</param>
            <returns>The number of rows added to the DataSet</returns>
        </member>
        <member name="M:NorthwindSample.BusinessServiceInterfaces.Base.ITerritoriesServiceBase.GetByRegionID(NorthwindSample.Data.TerritoriesDataSet,System.Int32)">
            <summary>
            Return all rows from the Territories table by RegionID
            </summary>
            <param name="dataSetFill">The DataSet to return the rows into</param>
            <param name="RegionID">The RegionID to use as search criteria</param>
            <returns>The number of rows added to the DataSet</returns>
        </member>
        <member name="T:NorthwindSample.BusinessServiceInterfaces.Base.IViewOrderDetailsServiceBase">
            <summary>
            ViewOrderDetailsServiceBase defines the methods that are automatically generated for Business services.
            </summary>
            <remarks>
            Any additional functionality must be added to the ViewOrderDetailsService class.
            <br/><br/>
            This class was automatically generated by Rad Software NextGeneration <a href="http://www.radsoftware.com.au">http://www.radsoftware.com.au</a>
            </remarks>
        </member>
        <member name="M:NorthwindSample.BusinessServiceInterfaces.Base.IViewOrderDetailsServiceBase.GetAll(NorthwindSample.Data.ViewOrderDetailsDataSet)">
            <summary>
            Fills the DataSet with all rows from the ViewOrderDetails table
            </summary>
            <param name="dataSetFill">The DataSet to fill</param>
            <returns>A count of the rows selected</returns>
        </member>
        <member name="M:NorthwindSample.BusinessServiceInterfaces.Base.IViewOrderDetailsServiceBase.GetByQuery(System.Data.DataSet,RAD.AppFramework.QueryObjects.Query)">
            <summary>
            Fills a DataSet based on a Query definition
            </summary>
            <param name="dataSetFill">The DataSet to return the rows into</param>
            <param name="queryDefinition">A Query object that defines the query</param>
            <returns>A count of the rows added to the DataSet</returns>
        </member>
        <member name="M:NorthwindSample.BusinessServiceInterfaces.Base.IViewOrderDetailsServiceBase.UpdateDataSet(NorthwindSample.Data.ViewOrderDetailsDataSet)">
            <summary>
            Perform any inserts, updates or deletes on the DataSet
            </summary>
            <param name="dataSetUpdate">The DataSet to update</param>
            <returns>The number of rows updated</returns>
        </member>
        <member name="T:NorthwindSample.BusinessServiceInterfaces.ICategoriesService">
            <summary>
            ICategoriesService defines the methods that must be provided by the Business service.
            </summary>
            <remarks>
            Custom methods functionality can be added to this interface.
            <br/><br/>
            This class was automatically generated by Rad Software NextGeneration <a href="http://www.radsoftware.com.au">http://www.radsoftware.com.au</a>
            </remarks>
        </member>
        <member name="T:NorthwindSample.BusinessServiceInterfaces.ICustomerCustomerDemoService">
            <summary>
            ICustomerCustomerDemoService defines the methods that must be provided by the Business service.
            </summary>
            <remarks>
            Custom methods functionality can be added to this interface.
            <br/><br/>
            This class was automatically generated by Rad Software NextGeneration <a href="http://www.radsoftware.com.au">http://www.radsoftware.com.au</a>
            </remarks>
        </member>
        <member name="T:NorthwindSample.BusinessServiceInterfaces.ICustomerDemographicsService">
            <summary>
            ICustomerDemographicsService defines the methods that must be provided by the Business service.
            </summary>
            <remarks>
            Custom methods functionality can be added to this interface.
            <br/><br/>
            This class was automatically generated by Rad Software NextGeneration <a href="http://www.radsoftware.com.au">http://www.radsoftware.com.au</a>
            </remarks>
        </member>
        <member name="T:NorthwindSample.BusinessServiceInterfaces.ICustomersService">
            <summary>
            ICustomersService defines the methods that must be provided by the Business service.
            </summary>
            <remarks>
            Custom methods functionality can be added to this interface.
            <br/><br/>
            This class was automatically generated by Rad Software NextGeneration <a href="http://www.radsoftware.com.au">http://www.radsoftware.com.au</a>
            </remarks>
        </member>
        <member name="T:NorthwindSample.BusinessServiceInterfaces.IEmployeesService">
            <summary>
            IEmployeesService defines the methods that must be provided by the Business service.
            </summary>
            <remarks>
            Custom methods functionality can be added to this interface.
            <br/><br/>
            This class was automatically generated by Rad Software NextGeneration <a href="http://www.radsoftware.com.au">http://www.radsoftware.com.au</a>
            </remarks>
        </member>
        <member name="T:NorthwindSample.BusinessServiceInterfaces.IEmployeeTerritoriesService">
            <summary>
            IEmployeeTerritoriesService defines the methods that must be provided by the Business service.
            </summary>
            <remarks>
            Custom methods functionality can be added to this interface.
            <br/><br/>
            This class was automatically generated by Rad Software NextGeneration <a href="http://www.radsoftware.com.au">http://www.radsoftware.com.au</a>
            </remarks>
        </member>
        <member name="T:NorthwindSample.BusinessServiceInterfaces.IOrderDetailsService">
            <summary>
            IOrderDetailsService defines the methods that must be provided by the Business service.
            </summary>
            <remarks>
            Custom methods functionality can be added to this interface.
            <br/><br/>
            This class was automatically generated by Rad Software NextGeneration <a href="http://www.radsoftware.com.au">http://www.radsoftware.com.au</a>
            </remarks>
        </member>
        <member name="T:NorthwindSample.BusinessServiceInterfaces.IOrdersService">
            <summary>
            IOrdersService defines the methods that must be provided by the Business service.
            </summary>
            <remarks>
            Custom methods functionality can be added to this interface.
            <br/><br/>
            This class was automatically generated by Rad Software NextGeneration <a href="http://www.radsoftware.com.au">http://www.radsoftware.com.au</a>
            </remarks>
        </member>
        <member name="T:NorthwindSample.BusinessServiceInterfaces.IProductsService">
            <summary>
            IProductsService defines the methods that must be provided by the Business service.
            </summary>
            <remarks>
            Custom methods functionality can be added to this interface.
            <br/><br/>
            This class was automatically generated by Rad Software NextGeneration <a href="http://www.radsoftware.com.au">http://www.radsoftware.com.au</a>
            </remarks>
        </member>
        <member name="T:NorthwindSample.BusinessServiceInterfaces.IRegionService">
            <summary>
            IRegionService defines the methods that must be provided by the Business service.
            </summary>
            <remarks>
            Custom methods functionality can be added to this interface.
            <br/><br/>
            This class was automatically generated by Rad Software NextGeneration <a href="http://www.radsoftware.com.au">http://www.radsoftware.com.au</a>
            </remarks>
        </member>
        <member name="T:NorthwindSample.BusinessServiceInterfaces.IShippersService">
            <summary>
            IShippersService defines the methods that must be provided by the Business service.
            </summary>
            <remarks>
            Custom methods functionality can be added to this interface.
            <br/><br/>
            This class was automatically generated by Rad Software NextGeneration <a href="http://www.radsoftware.com.au">http://www.radsoftware.com.au</a>
            </remarks>
        </member>
        <member name="T:NorthwindSample.BusinessServiceInterfaces.ISuppliersService">
            <summary>
            ISuppliersService defines the methods that must be provided by the Business service.
            </summary>
            <remarks>
            Custom methods functionality can be added to this interface.
            <br/><br/>
            This class was automatically generated by Rad Software NextGeneration <a href="http://www.radsoftware.com.au">http://www.radsoftware.com.au</a>
            </remarks>
        </member>
        <member name="T:NorthwindSample.BusinessServiceInterfaces.ITerritoriesService">
            <summary>
            ITerritoriesService defines the methods that must be provided by the Business service.
            </summary>
            <remarks>
            Custom methods functionality can be added to this interface.
            <br/><br/>
            This class was automatically generated by Rad Software NextGeneration <a href="http://www.radsoftware.com.au">http://www.radsoftware.com.au</a>
            </remarks>
        </member>
        <member name="T:NorthwindSample.BusinessServiceInterfaces.IViewOrderDetailsService">
            <summary>
            IViewOrderDetailsService defines the methods that must be provided by the Business service.
            </summary>
            <remarks>
            Custom methods functionality can be added to this interface.
            <br/><br/>
            This class was automatically generated by Rad Software NextGeneration <a href="http://www.radsoftware.com.au">http://www.radsoftware.com.au</a>
            </remarks>
        </member>
    </members>
</doc>
