<?xml version="1.0"?>
<doc>
    <assembly>
        <name>NorthwindSample.BusinessWebService</name>
    </assembly>
    <members>
        <member name="T:NorthwindSample.BusinessWebService.Base.CategoriesServiceBase">
            <summary>
            CategoriesServiceBase is a base business object implementing the most common data operations 
            for the Categories table. 
            </summary>
            <remarks>
            Any application specific business logic must be added to the 
            CategoriesService class. Do not modify this class.
            
            This class was automatically generated by Rad Software NextGeneration <a href="http://www.radsoftware.com.au">http://www.radsoftware.com.au</a>
            </remarks>
        </member>
        <member name="F:NorthwindSample.BusinessWebService.Base.CategoriesServiceBase.m_CategoriesAdapter">
            <summary>
            The strongly-typed DataAdapter to use for Get and Update operations
            </summary>
        </member>
        <member name="F:NorthwindSample.BusinessWebService.Base.CategoriesServiceBase.m_DatabaseConnection">
            <summary>
            The Database Connection that will be used to read from and update the Database
            </summary>
        </member>
        <member name="M:NorthwindSample.BusinessWebService.Base.CategoriesServiceBase.#ctor">
            <summary>
            Creates a new CategoriesService
            </summary>
        </member>
        <member name="M:NorthwindSample.BusinessWebService.Base.CategoriesServiceBase.#ctor(RAD.AppFramework.Data.DatabaseConnection)">
            <summary>
            Creates a new CategoriesService and sets the Database context
            </summary>
        </member>
        <member name="M:NorthwindSample.BusinessWebService.Base.CategoriesServiceBase.UseConnectionAndTransaction(RAD.AppFramework.Data.DatabaseConnection)">
            <summary>
            Specifies the Database connection to use for any Data Access operations
            </summary>
            <param name="dbConnection">the Database connection to use for any Data Access operations</param>
            <returns>true on success, false otherwise</returns>
        </member>
        <member name="M:NorthwindSample.BusinessWebService.Base.CategoriesServiceBase.UpdateDataSet(System.Data.DataSet)">
            <summary>
            Perform any inserts, updates or deletes on the DataSet
            </summary>
            <param name="dataSetUpdate">The DataSet to update</param>
            <returns>The populated Data Set</returns>
        </member>
        <member name="M:NorthwindSample.BusinessWebService.Base.CategoriesServiceBase.GetAll">
            <summary>
            Returns all rows from the Categories table
            </summary>
            <returns>The populated DataSet</returns>
        </member>
        <member name="M:NorthwindSample.BusinessWebService.Base.CategoriesServiceBase.GetByCategoryID(System.Int32)">
            <summary>
            Return all rows from the Categories table by Primary Key
            </summary>
            <param name="CategoryID">The CategoryID to use as search criteria</param>
            <returns>The DataSet</returns>
        </member>
        <member name="M:NorthwindSample.BusinessWebService.Base.CategoriesServiceBase.GetByQuery(RAD.AppFramework.QueryObjects.Query)">
            <summary>
            Returns rows by Query Definition
            </summary>
            <param name="queryDefinition">A Query that defines the query</param>
            <returns>A count of the rows added to the DataSet</returns>
        </member>
        <member name="M:NorthwindSample.BusinessWebService.Base.CategoriesServiceBase.InitializeComponent">
            <summary>
            Required method for Designer support - do not modify
            the contents of this method with the code editor.
            </summary>
        </member>
        <member name="M:NorthwindSample.BusinessWebService.Base.CategoriesServiceBase.Dispose(System.Boolean)">
            <summary>
            Clean up any resources being used.
            </summary>
        </member>
        <member name="P:NorthwindSample.BusinessWebService.Base.CategoriesServiceBase.DbConnection">
            <summary>
            The Database Connection that will be used to read from and update the Database
            </summary>
        </member>
        <member name="T:NorthwindSample.BusinessWebService.Base.CustomerCustomerDemoServiceBase">
            <summary>
            CustomerCustomerDemoServiceBase is a base business object implementing the most common data operations 
            for the CustomerCustomerDemo table. 
            </summary>
            <remarks>
            Any application specific business logic must be added to the 
            CustomerCustomerDemoService class. Do not modify this class.
            
            This class was automatically generated by Rad Software NextGeneration <a href="http://www.radsoftware.com.au">http://www.radsoftware.com.au</a>
            </remarks>
        </member>
        <member name="F:NorthwindSample.BusinessWebService.Base.CustomerCustomerDemoServiceBase.m_CustomerCustomerDemoAdapter">
            <summary>
            The strongly-typed DataAdapter to use for Get and Update operations
            </summary>
        </member>
        <member name="F:NorthwindSample.BusinessWebService.Base.CustomerCustomerDemoServiceBase.m_DatabaseConnection">
            <summary>
            The Database Connection that will be used to read from and update the Database
            </summary>
        </member>
        <member name="M:NorthwindSample.BusinessWebService.Base.CustomerCustomerDemoServiceBase.#ctor">
            <summary>
            Creates a new CustomerCustomerDemoService
            </summary>
        </member>
        <member name="M:NorthwindSample.BusinessWebService.Base.CustomerCustomerDemoServiceBase.#ctor(RAD.AppFramework.Data.DatabaseConnection)">
            <summary>
            Creates a new CustomerCustomerDemoService and sets the Database context
            </summary>
        </member>
        <member name="M:NorthwindSample.BusinessWebService.Base.CustomerCustomerDemoServiceBase.UseConnectionAndTransaction(RAD.AppFramework.Data.DatabaseConnection)">
            <summary>
            Specifies the Database connection to use for any Data Access operations
            </summary>
            <param name="dbConnection">the Database connection to use for any Data Access operations</param>
            <returns>true on success, false otherwise</returns>
        </member>
        <member name="M:NorthwindSample.BusinessWebService.Base.CustomerCustomerDemoServiceBase.UpdateDataSet(System.Data.DataSet)">
            <summary>
            Perform any inserts, updates or deletes on the DataSet
            </summary>
            <param name="dataSetUpdate">The DataSet to update</param>
            <returns>The populated Data Set</returns>
        </member>
        <member name="M:NorthwindSample.BusinessWebService.Base.CustomerCustomerDemoServiceBase.GetAll">
            <summary>
            Returns all rows from the CustomerCustomerDemo table
            </summary>
            <returns>The populated DataSet</returns>
        </member>
        <member name="M:NorthwindSample.BusinessWebService.Base.CustomerCustomerDemoServiceBase.GetByCustomerIDAndCustomerTypeID(System.String,System.String)">
            <summary>
            Return all rows from the CustomerCustomerDemo table by Primary Key
            </summary>
            <param name="CustomerID">The CustomerID to use as search criteria</param>
            <param name="CustomerTypeID">The CustomerTypeID to use as search criteria</param>
            <returns>The DataSet</returns>
        </member>
        <member name="M:NorthwindSample.BusinessWebService.Base.CustomerCustomerDemoServiceBase.GetByCustomerTypeID(System.Data.DataSet,System.String)">
            <summary>
            Return all rows from the CustomerCustomerDemo table by CustomerTypeID
            </summary>
            <param name="dataSetFill">The DataSet to return the rows into</param>
            <param name="CustomerTypeID">The CustomerTypeID to use as search criteria</param>
            <returns>The number of rows added to the DataSet</returns>
        </member>
        <member name="M:NorthwindSample.BusinessWebService.Base.CustomerCustomerDemoServiceBase.GetByCustomerTypeID(System.String)">
            <summary>
            Returns all rows from the CustomerCustomerDemo table by CustomerTypeID
            </summary>
            <param name="CustomerTypeID">The CustomerTypeID to use as search criteria</param>
            <returns>The DataSet</returns>
        </member>
        <member name="M:NorthwindSample.BusinessWebService.Base.CustomerCustomerDemoServiceBase.GetByCustomerID(System.Data.DataSet,System.String)">
            <summary>
            Return all rows from the CustomerCustomerDemo table by CustomerID
            </summary>
            <param name="dataSetFill">The DataSet to return the rows into</param>
            <param name="CustomerID">The CustomerID to use as search criteria</param>
            <returns>The number of rows added to the DataSet</returns>
        </member>
        <member name="M:NorthwindSample.BusinessWebService.Base.CustomerCustomerDemoServiceBase.GetByCustomerID(System.String)">
            <summary>
            Returns all rows from the CustomerCustomerDemo table by CustomerID
            </summary>
            <param name="CustomerID">The CustomerID to use as search criteria</param>
            <returns>The DataSet</returns>
        </member>
        <member name="M:NorthwindSample.BusinessWebService.Base.CustomerCustomerDemoServiceBase.GetByQuery(RAD.AppFramework.QueryObjects.Query)">
            <summary>
            Returns rows by Query Definition
            </summary>
            <param name="queryDefinition">A Query that defines the query</param>
            <returns>A count of the rows added to the DataSet</returns>
        </member>
        <member name="M:NorthwindSample.BusinessWebService.Base.CustomerCustomerDemoServiceBase.InitializeComponent">
            <summary>
            Required method for Designer support - do not modify
            the contents of this method with the code editor.
            </summary>
        </member>
        <member name="M:NorthwindSample.BusinessWebService.Base.CustomerCustomerDemoServiceBase.Dispose(System.Boolean)">
            <summary>
            Clean up any resources being used.
            </summary>
        </member>
        <member name="P:NorthwindSample.BusinessWebService.Base.CustomerCustomerDemoServiceBase.DbConnection">
            <summary>
            The Database Connection that will be used to read from and update the Database
            </summary>
        </member>
        <member name="T:NorthwindSample.BusinessWebService.Base.CustomerDemographicsServiceBase">
            <summary>
            CustomerDemographicsServiceBase is a base business object implementing the most common data operations 
            for the CustomerDemographics table. 
            </summary>
            <remarks>
            Any application specific business logic must be added to the 
            CustomerDemographicsService class. Do not modify this class.
            
            This class was automatically generated by Rad Software NextGeneration <a href="http://www.radsoftware.com.au">http://www.radsoftware.com.au</a>
            </remarks>
        </member>
        <member name="F:NorthwindSample.BusinessWebService.Base.CustomerDemographicsServiceBase.m_CustomerDemographicsAdapter">
            <summary>
            The strongly-typed DataAdapter to use for Get and Update operations
            </summary>
        </member>
        <member name="F:NorthwindSample.BusinessWebService.Base.CustomerDemographicsServiceBase.m_DatabaseConnection">
            <summary>
            The Database Connection that will be used to read from and update the Database
            </summary>
        </member>
        <member name="M:NorthwindSample.BusinessWebService.Base.CustomerDemographicsServiceBase.#ctor">
            <summary>
            Creates a new CustomerDemographicsService
            </summary>
        </member>
        <member name="M:NorthwindSample.BusinessWebService.Base.CustomerDemographicsServiceBase.#ctor(RAD.AppFramework.Data.DatabaseConnection)">
            <summary>
            Creates a new CustomerDemographicsService and sets the Database context
            </summary>
        </member>
        <member name="M:NorthwindSample.BusinessWebService.Base.CustomerDemographicsServiceBase.UseConnectionAndTransaction(RAD.AppFramework.Data.DatabaseConnection)">
            <summary>
            Specifies the Database connection to use for any Data Access operations
            </summary>
            <param name="dbConnection">the Database connection to use for any Data Access operations</param>
            <returns>true on success, false otherwise</returns>
        </member>
        <member name="M:NorthwindSample.BusinessWebService.Base.CustomerDemographicsServiceBase.UpdateDataSet(System.Data.DataSet)">
            <summary>
            Perform any inserts, updates or deletes on the DataSet
            </summary>
            <param name="dataSetUpdate">The DataSet to update</param>
            <returns>The populated Data Set</returns>
        </member>
        <member name="M:NorthwindSample.BusinessWebService.Base.CustomerDemographicsServiceBase.GetAll">
            <summary>
            Returns all rows from the CustomerDemographics table
            </summary>
            <returns>The populated DataSet</returns>
        </member>
        <member name="M:NorthwindSample.BusinessWebService.Base.CustomerDemographicsServiceBase.GetByCustomerTypeID(System.String)">
            <summary>
            Return all rows from the CustomerDemographics table by Primary Key
            </summary>
            <param name="CustomerTypeID">The CustomerTypeID to use as search criteria</param>
            <returns>The DataSet</returns>
        </member>
        <member name="M:NorthwindSample.BusinessWebService.Base.CustomerDemographicsServiceBase.GetByQuery(RAD.AppFramework.QueryObjects.Query)">
            <summary>
            Returns rows by Query Definition
            </summary>
            <param name="queryDefinition">A Query that defines the query</param>
            <returns>A count of the rows added to the DataSet</returns>
        </member>
        <member name="M:NorthwindSample.BusinessWebService.Base.CustomerDemographicsServiceBase.InitializeComponent">
            <summary>
            Required method for Designer support - do not modify
            the contents of this method with the code editor.
            </summary>
        </member>
        <member name="M:NorthwindSample.BusinessWebService.Base.CustomerDemographicsServiceBase.Dispose(System.Boolean)">
            <summary>
            Clean up any resources being used.
            </summary>
        </member>
        <member name="P:NorthwindSample.BusinessWebService.Base.CustomerDemographicsServiceBase.DbConnection">
            <summary>
            The Database Connection that will be used to read from and update the Database
            </summary>
        </member>
        <member name="T:NorthwindSample.BusinessWebService.Base.CustomersServiceBase">
            <summary>
            CustomersServiceBase is a base business object implementing the most common data operations 
            for the Customers table. 
            </summary>
            <remarks>
            Any application specific business logic must be added to the 
            CustomersService class. Do not modify this class.
            
            This class was automatically generated by Rad Software NextGeneration <a href="http://www.radsoftware.com.au">http://www.radsoftware.com.au</a>
            </remarks>
        </member>
        <member name="F:NorthwindSample.BusinessWebService.Base.CustomersServiceBase.m_CustomersAdapter">
            <summary>
            The strongly-typed DataAdapter to use for Get and Update operations
            </summary>
        </member>
        <member name="F:NorthwindSample.BusinessWebService.Base.CustomersServiceBase.m_DatabaseConnection">
            <summary>
            The Database Connection that will be used to read from and update the Database
            </summary>
        </member>
        <member name="M:NorthwindSample.BusinessWebService.Base.CustomersServiceBase.#ctor">
            <summary>
            Creates a new CustomersService
            </summary>
        </member>
        <member name="M:NorthwindSample.BusinessWebService.Base.CustomersServiceBase.#ctor(RAD.AppFramework.Data.DatabaseConnection)">
            <summary>
            Creates a new CustomersService and sets the Database context
            </summary>
        </member>
        <member name="M:NorthwindSample.BusinessWebService.Base.CustomersServiceBase.UseConnectionAndTransaction(RAD.AppFramework.Data.DatabaseConnection)">
            <summary>
            Specifies the Database connection to use for any Data Access operations
            </summary>
            <param name="dbConnection">the Database connection to use for any Data Access operations</param>
            <returns>true on success, false otherwise</returns>
        </member>
        <member name="M:NorthwindSample.BusinessWebService.Base.CustomersServiceBase.UpdateDataSet(System.Data.DataSet)">
            <summary>
            Perform any inserts, updates or deletes on the DataSet
            </summary>
            <param name="dataSetUpdate">The DataSet to update</param>
            <returns>The populated Data Set</returns>
        </member>
        <member name="M:NorthwindSample.BusinessWebService.Base.CustomersServiceBase.GetAll">
            <summary>
            Returns all rows from the Customers table
            </summary>
            <returns>The populated DataSet</returns>
        </member>
        <member name="M:NorthwindSample.BusinessWebService.Base.CustomersServiceBase.GetByCustomerID(System.String)">
            <summary>
            Return all rows from the Customers table by Primary Key
            </summary>
            <param name="CustomerID">The CustomerID to use as search criteria</param>
            <returns>The DataSet</returns>
        </member>
        <member name="M:NorthwindSample.BusinessWebService.Base.CustomersServiceBase.GetByQuery(RAD.AppFramework.QueryObjects.Query)">
            <summary>
            Returns rows by Query Definition
            </summary>
            <param name="queryDefinition">A Query that defines the query</param>
            <returns>A count of the rows added to the DataSet</returns>
        </member>
        <member name="M:NorthwindSample.BusinessWebService.Base.CustomersServiceBase.InitializeComponent">
            <summary>
            Required method for Designer support - do not modify
            the contents of this method with the code editor.
            </summary>
        </member>
        <member name="M:NorthwindSample.BusinessWebService.Base.CustomersServiceBase.Dispose(System.Boolean)">
            <summary>
            Clean up any resources being used.
            </summary>
        </member>
        <member name="P:NorthwindSample.BusinessWebService.Base.CustomersServiceBase.DbConnection">
            <summary>
            The Database Connection that will be used to read from and update the Database
            </summary>
        </member>
        <member name="T:NorthwindSample.BusinessWebService.Base.EmployeesServiceBase">
            <summary>
            EmployeesServiceBase is a base business object implementing the most common data operations 
            for the Employees table. 
            </summary>
            <remarks>
            Any application specific business logic must be added to the 
            EmployeesService class. Do not modify this class.
            
            This class was automatically generated by Rad Software NextGeneration <a href="http://www.radsoftware.com.au">http://www.radsoftware.com.au</a>
            </remarks>
        </member>
        <member name="F:NorthwindSample.BusinessWebService.Base.EmployeesServiceBase.m_EmployeesAdapter">
            <summary>
            The strongly-typed DataAdapter to use for Get and Update operations
            </summary>
        </member>
        <member name="F:NorthwindSample.BusinessWebService.Base.EmployeesServiceBase.m_DatabaseConnection">
            <summary>
            The Database Connection that will be used to read from and update the Database
            </summary>
        </member>
        <member name="M:NorthwindSample.BusinessWebService.Base.EmployeesServiceBase.#ctor">
            <summary>
            Creates a new EmployeesService
            </summary>
        </member>
        <member name="M:NorthwindSample.BusinessWebService.Base.EmployeesServiceBase.#ctor(RAD.AppFramework.Data.DatabaseConnection)">
            <summary>
            Creates a new EmployeesService and sets the Database context
            </summary>
        </member>
        <member name="M:NorthwindSample.BusinessWebService.Base.EmployeesServiceBase.UseConnectionAndTransaction(RAD.AppFramework.Data.DatabaseConnection)">
            <summary>
            Specifies the Database connection to use for any Data Access operations
            </summary>
            <param name="dbConnection">the Database connection to use for any Data Access operations</param>
            <returns>true on success, false otherwise</returns>
        </member>
        <member name="M:NorthwindSample.BusinessWebService.Base.EmployeesServiceBase.UpdateDataSet(System.Data.DataSet)">
            <summary>
            Perform any inserts, updates or deletes on the DataSet
            </summary>
            <param name="dataSetUpdate">The DataSet to update</param>
            <returns>The populated Data Set</returns>
        </member>
        <member name="M:NorthwindSample.BusinessWebService.Base.EmployeesServiceBase.GetAll">
            <summary>
            Returns all rows from the Employees table
            </summary>
            <returns>The populated DataSet</returns>
        </member>
        <member name="M:NorthwindSample.BusinessWebService.Base.EmployeesServiceBase.GetByEmployeeID(System.Int32)">
            <summary>
            Return all rows from the Employees table by Primary Key
            </summary>
            <param name="EmployeeID">The EmployeeID to use as search criteria</param>
            <returns>The DataSet</returns>
        </member>
        <member name="M:NorthwindSample.BusinessWebService.Base.EmployeesServiceBase.GetByReportsTo(System.Data.DataSet,System.Int32)">
            <summary>
            Return all rows from the Employees table by ReportsTo
            </summary>
            <param name="dataSetFill">The DataSet to return the rows into</param>
            <param name="ReportsTo">The ReportsTo to use as search criteria</param>
            <returns>The number of rows added to the DataSet</returns>
        </member>
        <member name="M:NorthwindSample.BusinessWebService.Base.EmployeesServiceBase.GetByReportsTo(System.Int32)">
            <summary>
            Returns all rows from the Employees table by ReportsTo
            </summary>
            <param name="ReportsTo">The ReportsTo to use as search criteria</param>
            <returns>The DataSet</returns>
        </member>
        <member name="M:NorthwindSample.BusinessWebService.Base.EmployeesServiceBase.GetByQuery(RAD.AppFramework.QueryObjects.Query)">
            <summary>
            Returns rows by Query Definition
            </summary>
            <param name="queryDefinition">A Query that defines the query</param>
            <returns>A count of the rows added to the DataSet</returns>
        </member>
        <member name="M:NorthwindSample.BusinessWebService.Base.EmployeesServiceBase.InitializeComponent">
            <summary>
            Required method for Designer support - do not modify
            the contents of this method with the code editor.
            </summary>
        </member>
        <member name="M:NorthwindSample.BusinessWebService.Base.EmployeesServiceBase.Dispose(System.Boolean)">
            <summary>
            Clean up any resources being used.
            </summary>
        </member>
        <member name="P:NorthwindSample.BusinessWebService.Base.EmployeesServiceBase.DbConnection">
            <summary>
            The Database Connection that will be used to read from and update the Database
            </summary>
        </member>
        <member name="T:NorthwindSample.BusinessWebService.Base.EmployeeTerritoriesServiceBase">
            <summary>
            EmployeeTerritoriesServiceBase is a base business object implementing the most common data operations 
            for the EmployeeTerritories table. 
            </summary>
            <remarks>
            Any application specific business logic must be added to the 
            EmployeeTerritoriesService class. Do not modify this class.
            
            This class was automatically generated by Rad Software NextGeneration <a href="http://www.radsoftware.com.au">http://www.radsoftware.com.au</a>
            </remarks>
        </member>
        <member name="F:NorthwindSample.BusinessWebService.Base.EmployeeTerritoriesServiceBase.m_EmployeeTerritoriesAdapter">
            <summary>
            The strongly-typed DataAdapter to use for Get and Update operations
            </summary>
        </member>
        <member name="F:NorthwindSample.BusinessWebService.Base.EmployeeTerritoriesServiceBase.m_DatabaseConnection">
            <summary>
            The Database Connection that will be used to read from and update the Database
            </summary>
        </member>
        <member name="M:NorthwindSample.BusinessWebService.Base.EmployeeTerritoriesServiceBase.#ctor">
            <summary>
            Creates a new EmployeeTerritoriesService
            </summary>
        </member>
        <member name="M:NorthwindSample.BusinessWebService.Base.EmployeeTerritoriesServiceBase.#ctor(RAD.AppFramework.Data.DatabaseConnection)">
            <summary>
            Creates a new EmployeeTerritoriesService and sets the Database context
            </summary>
        </member>
        <member name="M:NorthwindSample.BusinessWebService.Base.EmployeeTerritoriesServiceBase.UseConnectionAndTransaction(RAD.AppFramework.Data.DatabaseConnection)">
            <summary>
            Specifies the Database connection to use for any Data Access operations
            </summary>
            <param name="dbConnection">the Database connection to use for any Data Access operations</param>
            <returns>true on success, false otherwise</returns>
        </member>
        <member name="M:NorthwindSample.BusinessWebService.Base.EmployeeTerritoriesServiceBase.UpdateDataSet(System.Data.DataSet)">
            <summary>
            Perform any inserts, updates or deletes on the DataSet
            </summary>
            <param name="dataSetUpdate">The DataSet to update</param>
            <returns>The populated Data Set</returns>
        </member>
        <member name="M:NorthwindSample.BusinessWebService.Base.EmployeeTerritoriesServiceBase.GetAll">
            <summary>
            Returns all rows from the EmployeeTerritories table
            </summary>
            <returns>The populated DataSet</returns>
        </member>
        <member name="M:NorthwindSample.BusinessWebService.Base.EmployeeTerritoriesServiceBase.GetByEmployeeIDAndTerritoryID(System.Int32,System.String)">
            <summary>
            Return all rows from the EmployeeTerritories table by Primary Key
            </summary>
            <param name="EmployeeID">The EmployeeID to use as search criteria</param>
            <param name="TerritoryID">The TerritoryID to use as search criteria</param>
            <returns>The DataSet</returns>
        </member>
        <member name="M:NorthwindSample.BusinessWebService.Base.EmployeeTerritoriesServiceBase.GetByEmployeeID(System.Data.DataSet,System.Int32)">
            <summary>
            Return all rows from the EmployeeTerritories table by EmployeeID
            </summary>
            <param name="dataSetFill">The DataSet to return the rows into</param>
            <param name="EmployeeID">The EmployeeID to use as search criteria</param>
            <returns>The number of rows added to the DataSet</returns>
        </member>
        <member name="M:NorthwindSample.BusinessWebService.Base.EmployeeTerritoriesServiceBase.GetByEmployeeID(System.Int32)">
            <summary>
            Returns all rows from the EmployeeTerritories table by EmployeeID
            </summary>
            <param name="EmployeeID">The EmployeeID to use as search criteria</param>
            <returns>The DataSet</returns>
        </member>
        <member name="M:NorthwindSample.BusinessWebService.Base.EmployeeTerritoriesServiceBase.GetByTerritoryID(System.Data.DataSet,System.String)">
            <summary>
            Return all rows from the EmployeeTerritories table by TerritoryID
            </summary>
            <param name="dataSetFill">The DataSet to return the rows into</param>
            <param name="TerritoryID">The TerritoryID to use as search criteria</param>
            <returns>The number of rows added to the DataSet</returns>
        </member>
        <member name="M:NorthwindSample.BusinessWebService.Base.EmployeeTerritoriesServiceBase.GetByTerritoryID(System.String)">
            <summary>
            Returns all rows from the EmployeeTerritories table by TerritoryID
            </summary>
            <param name="TerritoryID">The TerritoryID to use as search criteria</param>
            <returns>The DataSet</returns>
        </member>
        <member name="M:NorthwindSample.BusinessWebService.Base.EmployeeTerritoriesServiceBase.GetByQuery(RAD.AppFramework.QueryObjects.Query)">
            <summary>
            Returns rows by Query Definition
            </summary>
            <param name="queryDefinition">A Query that defines the query</param>
            <returns>A count of the rows added to the DataSet</returns>
        </member>
        <member name="M:NorthwindSample.BusinessWebService.Base.EmployeeTerritoriesServiceBase.InitializeComponent">
            <summary>
            Required method for Designer support - do not modify
            the contents of this method with the code editor.
            </summary>
        </member>
        <member name="M:NorthwindSample.BusinessWebService.Base.EmployeeTerritoriesServiceBase.Dispose(System.Boolean)">
            <summary>
            Clean up any resources being used.
            </summary>
        </member>
        <member name="P:NorthwindSample.BusinessWebService.Base.EmployeeTerritoriesServiceBase.DbConnection">
            <summary>
            The Database Connection that will be used to read from and update the Database
            </summary>
        </member>
        <member name="T:NorthwindSample.BusinessWebService.Base.OrderDetailsServiceBase">
            <summary>
            OrderDetailsServiceBase is a base business object implementing the most common data operations 
            for the Order Details table. 
            </summary>
            <remarks>
            Any application specific business logic must be added to the 
            OrderDetailsService class. Do not modify this class.
            
            This class was automatically generated by Rad Software NextGeneration <a href="http://www.radsoftware.com.au">http://www.radsoftware.com.au</a>
            </remarks>
        </member>
        <member name="F:NorthwindSample.BusinessWebService.Base.OrderDetailsServiceBase.m_OrderDetailsAdapter">
            <summary>
            The strongly-typed DataAdapter to use for Get and Update operations
            </summary>
        </member>
        <member name="F:NorthwindSample.BusinessWebService.Base.OrderDetailsServiceBase.m_DatabaseConnection">
            <summary>
            The Database Connection that will be used to read from and update the Database
            </summary>
        </member>
        <member name="M:NorthwindSample.BusinessWebService.Base.OrderDetailsServiceBase.#ctor">
            <summary>
            Creates a new OrderDetailsService
            </summary>
        </member>
        <member name="M:NorthwindSample.BusinessWebService.Base.OrderDetailsServiceBase.#ctor(RAD.AppFramework.Data.DatabaseConnection)">
            <summary>
            Creates a new OrderDetailsService and sets the Database context
            </summary>
        </member>
        <member name="M:NorthwindSample.BusinessWebService.Base.OrderDetailsServiceBase.UseConnectionAndTransaction(RAD.AppFramework.Data.DatabaseConnection)">
            <summary>
            Specifies the Database connection to use for any Data Access operations
            </summary>
            <param name="dbConnection">the Database connection to use for any Data Access operations</param>
            <returns>true on success, false otherwise</returns>
        </member>
        <member name="M:NorthwindSample.BusinessWebService.Base.OrderDetailsServiceBase.UpdateDataSet(System.Data.DataSet)">
            <summary>
            Perform any inserts, updates or deletes on the DataSet
            </summary>
            <param name="dataSetUpdate">The DataSet to update</param>
            <returns>The populated Data Set</returns>
        </member>
        <member name="M:NorthwindSample.BusinessWebService.Base.OrderDetailsServiceBase.GetAll">
            <summary>
            Returns all rows from the Order Details table
            </summary>
            <returns>The populated DataSet</returns>
        </member>
        <member name="M:NorthwindSample.BusinessWebService.Base.OrderDetailsServiceBase.GetByOrderIDAndProductID(System.Int32,System.Int32)">
            <summary>
            Return all rows from the Order Details table by Primary Key
            </summary>
            <param name="OrderID">The OrderID to use as search criteria</param>
            <param name="ProductID">The ProductID to use as search criteria</param>
            <returns>The DataSet</returns>
        </member>
        <member name="M:NorthwindSample.BusinessWebService.Base.OrderDetailsServiceBase.GetByOrderID(System.Data.DataSet,System.Int32)">
            <summary>
            Return all rows from the Order Details table by OrderID
            </summary>
            <param name="dataSetFill">The DataSet to return the rows into</param>
            <param name="OrderID">The OrderID to use as search criteria</param>
            <returns>The number of rows added to the DataSet</returns>
        </member>
        <member name="M:NorthwindSample.BusinessWebService.Base.OrderDetailsServiceBase.GetByOrderID(System.Int32)">
            <summary>
            Returns all rows from the Order Details table by OrderID
            </summary>
            <param name="OrderID">The OrderID to use as search criteria</param>
            <returns>The DataSet</returns>
        </member>
        <member name="M:NorthwindSample.BusinessWebService.Base.OrderDetailsServiceBase.GetByProductID(System.Data.DataSet,System.Int32)">
            <summary>
            Return all rows from the Order Details table by ProductID
            </summary>
            <param name="dataSetFill">The DataSet to return the rows into</param>
            <param name="ProductID">The ProductID to use as search criteria</param>
            <returns>The number of rows added to the DataSet</returns>
        </member>
        <member name="M:NorthwindSample.BusinessWebService.Base.OrderDetailsServiceBase.GetByProductID(System.Int32)">
            <summary>
            Returns all rows from the Order Details table by ProductID
            </summary>
            <param name="ProductID">The ProductID to use as search criteria</param>
            <returns>The DataSet</returns>
        </member>
        <member name="M:NorthwindSample.BusinessWebService.Base.OrderDetailsServiceBase.GetByQuery(RAD.AppFramework.QueryObjects.Query)">
            <summary>
            Returns rows by Query Definition
            </summary>
            <param name="queryDefinition">A Query that defines the query</param>
            <returns>A count of the rows added to the DataSet</returns>
        </member>
        <member name="M:NorthwindSample.BusinessWebService.Base.OrderDetailsServiceBase.InitializeComponent">
            <summary>
            Required method for Designer support - do not modify
            the contents of this method with the code editor.
            </summary>
        </member>
        <member name="M:NorthwindSample.BusinessWebService.Base.OrderDetailsServiceBase.Dispose(System.Boolean)">
            <summary>
            Clean up any resources being used.
            </summary>
        </member>
        <member name="P:NorthwindSample.BusinessWebService.Base.OrderDetailsServiceBase.DbConnection">
            <summary>
            The Database Connection that will be used to read from and update the Database
            </summary>
        </member>
        <member name="T:NorthwindSample.BusinessWebService.Base.OrdersServiceBase">
            <summary>
            OrdersServiceBase is a base business object implementing the most common data operations 
            for the Orders table. 
            </summary>
            <remarks>
            Any application specific business logic must be added to the 
            OrdersService class. Do not modify this class.
            
            This class was automatically generated by Rad Software NextGeneration <a href="http://www.radsoftware.com.au">http://www.radsoftware.com.au</a>
            </remarks>
        </member>
        <member name="F:NorthwindSample.BusinessWebService.Base.OrdersServiceBase.m_OrdersAdapter">
            <summary>
            The strongly-typed DataAdapter to use for Get and Update operations
            </summary>
        </member>
        <member name="F:NorthwindSample.BusinessWebService.Base.OrdersServiceBase.m_DatabaseConnection">
            <summary>
            The Database Connection that will be used to read from and update the Database
            </summary>
        </member>
        <member name="M:NorthwindSample.BusinessWebService.Base.OrdersServiceBase.#ctor">
            <summary>
            Creates a new OrdersService
            </summary>
        </member>
        <member name="M:NorthwindSample.BusinessWebService.Base.OrdersServiceBase.#ctor(RAD.AppFramework.Data.DatabaseConnection)">
            <summary>
            Creates a new OrdersService and sets the Database context
            </summary>
        </member>
        <member name="M:NorthwindSample.BusinessWebService.Base.OrdersServiceBase.UseConnectionAndTransaction(RAD.AppFramework.Data.DatabaseConnection)">
            <summary>
            Specifies the Database connection to use for any Data Access operations
            </summary>
            <param name="dbConnection">the Database connection to use for any Data Access operations</param>
            <returns>true on success, false otherwise</returns>
        </member>
        <member name="M:NorthwindSample.BusinessWebService.Base.OrdersServiceBase.UpdateDataSet(System.Data.DataSet)">
            <summary>
            Perform any inserts, updates or deletes on the DataSet
            </summary>
            <param name="dataSetUpdate">The DataSet to update</param>
            <returns>The populated Data Set</returns>
        </member>
        <member name="M:NorthwindSample.BusinessWebService.Base.OrdersServiceBase.GetAll">
            <summary>
            Returns all rows from the Orders table
            </summary>
            <returns>The populated DataSet</returns>
        </member>
        <member name="M:NorthwindSample.BusinessWebService.Base.OrdersServiceBase.GetByOrderID(System.Int32)">
            <summary>
            Return all rows from the Orders table by Primary Key
            </summary>
            <param name="OrderID">The OrderID to use as search criteria</param>
            <returns>The DataSet</returns>
        </member>
        <member name="M:NorthwindSample.BusinessWebService.Base.OrdersServiceBase.GetByCustomerID(System.Data.DataSet,System.String)">
            <summary>
            Return all rows from the Orders table by CustomerID
            </summary>
            <param name="dataSetFill">The DataSet to return the rows into</param>
            <param name="CustomerID">The CustomerID to use as search criteria</param>
            <returns>The number of rows added to the DataSet</returns>
        </member>
        <member name="M:NorthwindSample.BusinessWebService.Base.OrdersServiceBase.GetByCustomerID(System.String)">
            <summary>
            Returns all rows from the Orders table by CustomerID
            </summary>
            <param name="CustomerID">The CustomerID to use as search criteria</param>
            <returns>The DataSet</returns>
        </member>
        <member name="M:NorthwindSample.BusinessWebService.Base.OrdersServiceBase.GetByEmployeeID(System.Data.DataSet,System.Int32)">
            <summary>
            Return all rows from the Orders table by EmployeeID
            </summary>
            <param name="dataSetFill">The DataSet to return the rows into</param>
            <param name="EmployeeID">The EmployeeID to use as search criteria</param>
            <returns>The number of rows added to the DataSet</returns>
        </member>
        <member name="M:NorthwindSample.BusinessWebService.Base.OrdersServiceBase.GetByEmployeeID(System.Int32)">
            <summary>
            Returns all rows from the Orders table by EmployeeID
            </summary>
            <param name="EmployeeID">The EmployeeID to use as search criteria</param>
            <returns>The DataSet</returns>
        </member>
        <member name="M:NorthwindSample.BusinessWebService.Base.OrdersServiceBase.GetByShipVia(System.Data.DataSet,System.Int32)">
            <summary>
            Return all rows from the Orders table by ShipVia
            </summary>
            <param name="dataSetFill">The DataSet to return the rows into</param>
            <param name="ShipVia">The ShipVia to use as search criteria</param>
            <returns>The number of rows added to the DataSet</returns>
        </member>
        <member name="M:NorthwindSample.BusinessWebService.Base.OrdersServiceBase.GetByShipVia(System.Int32)">
            <summary>
            Returns all rows from the Orders table by ShipVia
            </summary>
            <param name="ShipVia">The ShipVia to use as search criteria</param>
            <returns>The DataSet</returns>
        </member>
        <member name="M:NorthwindSample.BusinessWebService.Base.OrdersServiceBase.GetByQuery(RAD.AppFramework.QueryObjects.Query)">
            <summary>
            Returns rows by Query Definition
            </summary>
            <param name="queryDefinition">A Query that defines the query</param>
            <returns>A count of the rows added to the DataSet</returns>
        </member>
        <member name="M:NorthwindSample.BusinessWebService.Base.OrdersServiceBase.InitializeComponent">
            <summary>
            Required method for Designer support - do not modify
            the contents of this method with the code editor.
            </summary>
        </member>
        <member name="M:NorthwindSample.BusinessWebService.Base.OrdersServiceBase.Dispose(System.Boolean)">
            <summary>
            Clean up any resources being used.
            </summary>
        </member>
        <member name="P:NorthwindSample.BusinessWebService.Base.OrdersServiceBase.DbConnection">
            <summary>
            The Database Connection that will be used to read from and update the Database
            </summary>
        </member>
        <member name="T:NorthwindSample.BusinessWebService.Base.ProductsServiceBase">
            <summary>
            ProductsServiceBase is a base business object implementing the most common data operations 
            for the Products table. 
            </summary>
            <remarks>
            Any application specific business logic must be added to the 
            ProductsService class. Do not modify this class.
            
            This class was automatically generated by Rad Software NextGeneration <a href="http://www.radsoftware.com.au">http://www.radsoftware.com.au</a>
            </remarks>
        </member>
        <member name="F:NorthwindSample.BusinessWebService.Base.ProductsServiceBase.m_ProductsAdapter">
            <summary>
            The strongly-typed DataAdapter to use for Get and Update operations
            </summary>
        </member>
        <member name="F:NorthwindSample.BusinessWebService.Base.ProductsServiceBase.m_DatabaseConnection">
            <summary>
            The Database Connection that will be used to read from and update the Database
            </summary>
        </member>
        <member name="M:NorthwindSample.BusinessWebService.Base.ProductsServiceBase.#ctor">
            <summary>
            Creates a new ProductsService
            </summary>
        </member>
        <member name="M:NorthwindSample.BusinessWebService.Base.ProductsServiceBase.#ctor(RAD.AppFramework.Data.DatabaseConnection)">
            <summary>
            Creates a new ProductsService and sets the Database context
            </summary>
        </member>
        <member name="M:NorthwindSample.BusinessWebService.Base.ProductsServiceBase.UseConnectionAndTransaction(RAD.AppFramework.Data.DatabaseConnection)">
            <summary>
            Specifies the Database connection to use for any Data Access operations
            </summary>
            <param name="dbConnection">the Database connection to use for any Data Access operations</param>
            <returns>true on success, false otherwise</returns>
        </member>
        <member name="M:NorthwindSample.BusinessWebService.Base.ProductsServiceBase.UpdateDataSet(System.Data.DataSet)">
            <summary>
            Perform any inserts, updates or deletes on the DataSet
            </summary>
            <param name="dataSetUpdate">The DataSet to update</param>
            <returns>The populated Data Set</returns>
        </member>
        <member name="M:NorthwindSample.BusinessWebService.Base.ProductsServiceBase.GetAll">
            <summary>
            Returns all rows from the Products table
            </summary>
            <returns>The populated DataSet</returns>
        </member>
        <member name="M:NorthwindSample.BusinessWebService.Base.ProductsServiceBase.GetByProductID(System.Int32)">
            <summary>
            Return all rows from the Products table by Primary Key
            </summary>
            <param name="ProductID">The ProductID to use as search criteria</param>
            <returns>The DataSet</returns>
        </member>
        <member name="M:NorthwindSample.BusinessWebService.Base.ProductsServiceBase.GetByCategoryID(System.Data.DataSet,System.Int32)">
            <summary>
            Return all rows from the Products table by CategoryID
            </summary>
            <param name="dataSetFill">The DataSet to return the rows into</param>
            <param name="CategoryID">The CategoryID to use as search criteria</param>
            <returns>The number of rows added to the DataSet</returns>
        </member>
        <member name="M:NorthwindSample.BusinessWebService.Base.ProductsServiceBase.GetByCategoryID(System.Int32)">
            <summary>
            Returns all rows from the Products table by CategoryID
            </summary>
            <param name="CategoryID">The CategoryID to use as search criteria</param>
            <returns>The DataSet</returns>
        </member>
        <member name="M:NorthwindSample.BusinessWebService.Base.ProductsServiceBase.GetBySupplierID(System.Data.DataSet,System.Int32)">
            <summary>
            Return all rows from the Products table by SupplierID
            </summary>
            <param name="dataSetFill">The DataSet to return the rows into</param>
            <param name="SupplierID">The SupplierID to use as search criteria</param>
            <returns>The number of rows added to the DataSet</returns>
        </member>
        <member name="M:NorthwindSample.BusinessWebService.Base.ProductsServiceBase.GetBySupplierID(System.Int32)">
            <summary>
            Returns all rows from the Products table by SupplierID
            </summary>
            <param name="SupplierID">The SupplierID to use as search criteria</param>
            <returns>The DataSet</returns>
        </member>
        <member name="M:NorthwindSample.BusinessWebService.Base.ProductsServiceBase.GetByQuery(RAD.AppFramework.QueryObjects.Query)">
            <summary>
            Returns rows by Query Definition
            </summary>
            <param name="queryDefinition">A Query that defines the query</param>
            <returns>A count of the rows added to the DataSet</returns>
        </member>
        <member name="M:NorthwindSample.BusinessWebService.Base.ProductsServiceBase.InitializeComponent">
            <summary>
            Required method for Designer support - do not modify
            the contents of this method with the code editor.
            </summary>
        </member>
        <member name="M:NorthwindSample.BusinessWebService.Base.ProductsServiceBase.Dispose(System.Boolean)">
            <summary>
            Clean up any resources being used.
            </summary>
        </member>
        <member name="P:NorthwindSample.BusinessWebService.Base.ProductsServiceBase.DbConnection">
            <summary>
            The Database Connection that will be used to read from and update the Database
            </summary>
        </member>
        <member name="T:NorthwindSample.BusinessWebService.Base.RegionServiceBase">
            <summary>
            RegionServiceBase is a base business object implementing the most common data operations 
            for the Region table. 
            </summary>
            <remarks>
            Any application specific business logic must be added to the 
            RegionService class. Do not modify this class.
            
            This class was automatically generated by Rad Software NextGeneration <a href="http://www.radsoftware.com.au">http://www.radsoftware.com.au</a>
            </remarks>
        </member>
        <member name="F:NorthwindSample.BusinessWebService.Base.RegionServiceBase.m_RegionAdapter">
            <summary>
            The strongly-typed DataAdapter to use for Get and Update operations
            </summary>
        </member>
        <member name="F:NorthwindSample.BusinessWebService.Base.RegionServiceBase.m_DatabaseConnection">
            <summary>
            The Database Connection that will be used to read from and update the Database
            </summary>
        </member>
        <member name="M:NorthwindSample.BusinessWebService.Base.RegionServiceBase.#ctor">
            <summary>
            Creates a new RegionService
            </summary>
        </member>
        <member name="M:NorthwindSample.BusinessWebService.Base.RegionServiceBase.#ctor(RAD.AppFramework.Data.DatabaseConnection)">
            <summary>
            Creates a new RegionService and sets the Database context
            </summary>
        </member>
        <member name="M:NorthwindSample.BusinessWebService.Base.RegionServiceBase.UseConnectionAndTransaction(RAD.AppFramework.Data.DatabaseConnection)">
            <summary>
            Specifies the Database connection to use for any Data Access operations
            </summary>
            <param name="dbConnection">the Database connection to use for any Data Access operations</param>
            <returns>true on success, false otherwise</returns>
        </member>
        <member name="M:NorthwindSample.BusinessWebService.Base.RegionServiceBase.UpdateDataSet(System.Data.DataSet)">
            <summary>
            Perform any inserts, updates or deletes on the DataSet
            </summary>
            <param name="dataSetUpdate">The DataSet to update</param>
            <returns>The populated Data Set</returns>
        </member>
        <member name="M:NorthwindSample.BusinessWebService.Base.RegionServiceBase.GetAll">
            <summary>
            Returns all rows from the Region table
            </summary>
            <returns>The populated DataSet</returns>
        </member>
        <member name="M:NorthwindSample.BusinessWebService.Base.RegionServiceBase.GetByRegionID(System.Int32)">
            <summary>
            Return all rows from the Region table by Primary Key
            </summary>
            <param name="RegionID">The RegionID to use as search criteria</param>
            <returns>The DataSet</returns>
        </member>
        <member name="M:NorthwindSample.BusinessWebService.Base.RegionServiceBase.GetByQuery(RAD.AppFramework.QueryObjects.Query)">
            <summary>
            Returns rows by Query Definition
            </summary>
            <param name="queryDefinition">A Query that defines the query</param>
            <returns>A count of the rows added to the DataSet</returns>
        </member>
        <member name="M:NorthwindSample.BusinessWebService.Base.RegionServiceBase.InitializeComponent">
            <summary>
            Required method for Designer support - do not modify
            the contents of this method with the code editor.
            </summary>
        </member>
        <member name="M:NorthwindSample.BusinessWebService.Base.RegionServiceBase.Dispose(System.Boolean)">
            <summary>
            Clean up any resources being used.
            </summary>
        </member>
        <member name="P:NorthwindSample.BusinessWebService.Base.RegionServiceBase.DbConnection">
            <summary>
            The Database Connection that will be used to read from and update the Database
            </summary>
        </member>
        <member name="T:NorthwindSample.BusinessWebService.Base.ShippersServiceBase">
            <summary>
            ShippersServiceBase is a base business object implementing the most common data operations 
            for the Shippers table. 
            </summary>
            <remarks>
            Any application specific business logic must be added to the 
            ShippersService class. Do not modify this class.
            
            This class was automatically generated by Rad Software NextGeneration <a href="http://www.radsoftware.com.au">http://www.radsoftware.com.au</a>
            </remarks>
        </member>
        <member name="F:NorthwindSample.BusinessWebService.Base.ShippersServiceBase.m_ShippersAdapter">
            <summary>
            The strongly-typed DataAdapter to use for Get and Update operations
            </summary>
        </member>
        <member name="F:NorthwindSample.BusinessWebService.Base.ShippersServiceBase.m_DatabaseConnection">
            <summary>
            The Database Connection that will be used to read from and update the Database
            </summary>
        </member>
        <member name="M:NorthwindSample.BusinessWebService.Base.ShippersServiceBase.#ctor">
            <summary>
            Creates a new ShippersService
            </summary>
        </member>
        <member name="M:NorthwindSample.BusinessWebService.Base.ShippersServiceBase.#ctor(RAD.AppFramework.Data.DatabaseConnection)">
            <summary>
            Creates a new ShippersService and sets the Database context
            </summary>
        </member>
        <member name="M:NorthwindSample.BusinessWebService.Base.ShippersServiceBase.UseConnectionAndTransaction(RAD.AppFramework.Data.DatabaseConnection)">
            <summary>
            Specifies the Database connection to use for any Data Access operations
            </summary>
            <param name="dbConnection">the Database connection to use for any Data Access operations</param>
            <returns>true on success, false otherwise</returns>
        </member>
        <member name="M:NorthwindSample.BusinessWebService.Base.ShippersServiceBase.UpdateDataSet(System.Data.DataSet)">
            <summary>
            Perform any inserts, updates or deletes on the DataSet
            </summary>
            <param name="dataSetUpdate">The DataSet to update</param>
            <returns>The populated Data Set</returns>
        </member>
        <member name="M:NorthwindSample.BusinessWebService.Base.ShippersServiceBase.GetAll">
            <summary>
            Returns all rows from the Shippers table
            </summary>
            <returns>The populated DataSet</returns>
        </member>
        <member name="M:NorthwindSample.BusinessWebService.Base.ShippersServiceBase.GetByShipperID(System.Int32)">
            <summary>
            Return all rows from the Shippers table by Primary Key
            </summary>
            <param name="ShipperID">The ShipperID to use as search criteria</param>
            <returns>The DataSet</returns>
        </member>
        <member name="M:NorthwindSample.BusinessWebService.Base.ShippersServiceBase.GetByQuery(RAD.AppFramework.QueryObjects.Query)">
            <summary>
            Returns rows by Query Definition
            </summary>
            <param name="queryDefinition">A Query that defines the query</param>
            <returns>A count of the rows added to the DataSet</returns>
        </member>
        <member name="M:NorthwindSample.BusinessWebService.Base.ShippersServiceBase.InitializeComponent">
            <summary>
            Required method for Designer support - do not modify
            the contents of this method with the code editor.
            </summary>
        </member>
        <member name="M:NorthwindSample.BusinessWebService.Base.ShippersServiceBase.Dispose(System.Boolean)">
            <summary>
            Clean up any resources being used.
            </summary>
        </member>
        <member name="P:NorthwindSample.BusinessWebService.Base.ShippersServiceBase.DbConnection">
            <summary>
            The Database Connection that will be used to read from and update the Database
            </summary>
        </member>
        <member name="T:NorthwindSample.BusinessWebService.Base.SuppliersServiceBase">
            <summary>
            SuppliersServiceBase is a base business object implementing the most common data operations 
            for the Suppliers table. 
            </summary>
            <remarks>
            Any application specific business logic must be added to the 
            SuppliersService class. Do not modify this class.
            
            This class was automatically generated by Rad Software NextGeneration <a href="http://www.radsoftware.com.au">http://www.radsoftware.com.au</a>
            </remarks>
        </member>
        <member name="F:NorthwindSample.BusinessWebService.Base.SuppliersServiceBase.m_SuppliersAdapter">
            <summary>
            The strongly-typed DataAdapter to use for Get and Update operations
            </summary>
        </member>
        <member name="F:NorthwindSample.BusinessWebService.Base.SuppliersServiceBase.m_DatabaseConnection">
            <summary>
            The Database Connection that will be used to read from and update the Database
            </summary>
        </member>
        <member name="M:NorthwindSample.BusinessWebService.Base.SuppliersServiceBase.#ctor">
            <summary>
            Creates a new SuppliersService
            </summary>
        </member>
        <member name="M:NorthwindSample.BusinessWebService.Base.SuppliersServiceBase.#ctor(RAD.AppFramework.Data.DatabaseConnection)">
            <summary>
            Creates a new SuppliersService and sets the Database context
            </summary>
        </member>
        <member name="M:NorthwindSample.BusinessWebService.Base.SuppliersServiceBase.UseConnectionAndTransaction(RAD.AppFramework.Data.DatabaseConnection)">
            <summary>
            Specifies the Database connection to use for any Data Access operations
            </summary>
            <param name="dbConnection">the Database connection to use for any Data Access operations</param>
            <returns>true on success, false otherwise</returns>
        </member>
        <member name="M:NorthwindSample.BusinessWebService.Base.SuppliersServiceBase.UpdateDataSet(System.Data.DataSet)">
            <summary>
            Perform any inserts, updates or deletes on the DataSet
            </summary>
            <param name="dataSetUpdate">The DataSet to update</param>
            <returns>The populated Data Set</returns>
        </member>
        <member name="M:NorthwindSample.BusinessWebService.Base.SuppliersServiceBase.GetAll">
            <summary>
            Returns all rows from the Suppliers table
            </summary>
            <returns>The populated DataSet</returns>
        </member>
        <member name="M:NorthwindSample.BusinessWebService.Base.SuppliersServiceBase.GetBySupplierID(System.Int32)">
            <summary>
            Return all rows from the Suppliers table by Primary Key
            </summary>
            <param name="SupplierID">The SupplierID to use as search criteria</param>
            <returns>The DataSet</returns>
        </member>
        <member name="M:NorthwindSample.BusinessWebService.Base.SuppliersServiceBase.GetByQuery(RAD.AppFramework.QueryObjects.Query)">
            <summary>
            Returns rows by Query Definition
            </summary>
            <param name="queryDefinition">A Query that defines the query</param>
            <returns>A count of the rows added to the DataSet</returns>
        </member>
        <member name="M:NorthwindSample.BusinessWebService.Base.SuppliersServiceBase.InitializeComponent">
            <summary>
            Required method for Designer support - do not modify
            the contents of this method with the code editor.
            </summary>
        </member>
        <member name="M:NorthwindSample.BusinessWebService.Base.SuppliersServiceBase.Dispose(System.Boolean)">
            <summary>
            Clean up any resources being used.
            </summary>
        </member>
        <member name="P:NorthwindSample.BusinessWebService.Base.SuppliersServiceBase.DbConnection">
            <summary>
            The Database Connection that will be used to read from and update the Database
            </summary>
        </member>
        <member name="T:NorthwindSample.BusinessWebService.Base.TerritoriesServiceBase">
            <summary>
            TerritoriesServiceBase is a base business object implementing the most common data operations 
            for the Territories table. 
            </summary>
            <remarks>
            Any application specific business logic must be added to the 
            TerritoriesService class. Do not modify this class.
            
            This class was automatically generated by Rad Software NextGeneration <a href="http://www.radsoftware.com.au">http://www.radsoftware.com.au</a>
            </remarks>
        </member>
        <member name="F:NorthwindSample.BusinessWebService.Base.TerritoriesServiceBase.m_TerritoriesAdapter">
            <summary>
            The strongly-typed DataAdapter to use for Get and Update operations
            </summary>
        </member>
        <member name="F:NorthwindSample.BusinessWebService.Base.TerritoriesServiceBase.m_DatabaseConnection">
            <summary>
            The Database Connection that will be used to read from and update the Database
            </summary>
        </member>
        <member name="M:NorthwindSample.BusinessWebService.Base.TerritoriesServiceBase.#ctor">
            <summary>
            Creates a new TerritoriesService
            </summary>
        </member>
        <member name="M:NorthwindSample.BusinessWebService.Base.TerritoriesServiceBase.#ctor(RAD.AppFramework.Data.DatabaseConnection)">
            <summary>
            Creates a new TerritoriesService and sets the Database context
            </summary>
        </member>
        <member name="M:NorthwindSample.BusinessWebService.Base.TerritoriesServiceBase.UseConnectionAndTransaction(RAD.AppFramework.Data.DatabaseConnection)">
            <summary>
            Specifies the Database connection to use for any Data Access operations
            </summary>
            <param name="dbConnection">the Database connection to use for any Data Access operations</param>
            <returns>true on success, false otherwise</returns>
        </member>
        <member name="M:NorthwindSample.BusinessWebService.Base.TerritoriesServiceBase.UpdateDataSet(System.Data.DataSet)">
            <summary>
            Perform any inserts, updates or deletes on the DataSet
            </summary>
            <param name="dataSetUpdate">The DataSet to update</param>
            <returns>The populated Data Set</returns>
        </member>
        <member name="M:NorthwindSample.BusinessWebService.Base.TerritoriesServiceBase.GetAll">
            <summary>
            Returns all rows from the Territories table
            </summary>
            <returns>The populated DataSet</returns>
        </member>
        <member name="M:NorthwindSample.BusinessWebService.Base.TerritoriesServiceBase.GetByTerritoryID(System.String)">
            <summary>
            Return all rows from the Territories table by Primary Key
            </summary>
            <param name="TerritoryID">The TerritoryID to use as search criteria</param>
            <returns>The DataSet</returns>
        </member>
        <member name="M:NorthwindSample.BusinessWebService.Base.TerritoriesServiceBase.GetByRegionID(System.Data.DataSet,System.Int32)">
            <summary>
            Return all rows from the Territories table by RegionID
            </summary>
            <param name="dataSetFill">The DataSet to return the rows into</param>
            <param name="RegionID">The RegionID to use as search criteria</param>
            <returns>The number of rows added to the DataSet</returns>
        </member>
        <member name="M:NorthwindSample.BusinessWebService.Base.TerritoriesServiceBase.GetByRegionID(System.Int32)">
            <summary>
            Returns all rows from the Territories table by RegionID
            </summary>
            <param name="RegionID">The RegionID to use as search criteria</param>
            <returns>The DataSet</returns>
        </member>
        <member name="M:NorthwindSample.BusinessWebService.Base.TerritoriesServiceBase.GetByQuery(RAD.AppFramework.QueryObjects.Query)">
            <summary>
            Returns rows by Query Definition
            </summary>
            <param name="queryDefinition">A Query that defines the query</param>
            <returns>A count of the rows added to the DataSet</returns>
        </member>
        <member name="M:NorthwindSample.BusinessWebService.Base.TerritoriesServiceBase.InitializeComponent">
            <summary>
            Required method for Designer support - do not modify
            the contents of this method with the code editor.
            </summary>
        </member>
        <member name="M:NorthwindSample.BusinessWebService.Base.TerritoriesServiceBase.Dispose(System.Boolean)">
            <summary>
            Clean up any resources being used.
            </summary>
        </member>
        <member name="P:NorthwindSample.BusinessWebService.Base.TerritoriesServiceBase.DbConnection">
            <summary>
            The Database Connection that will be used to read from and update the Database
            </summary>
        </member>
        <member name="T:NorthwindSample.BusinessWebService.Base.ViewOrderDetailsServiceBase">
            <summary>
            ViewOrderDetailsServiceBase is a base business object implementing the most common data operations 
            for the ViewOrderDetails table. 
            </summary>
            <remarks>
            Any application specific business logic must be added to the 
            ViewOrderDetailsService class. Do not modify this class.
            
            This class was automatically generated by Rad Software NextGeneration <a href="http://www.radsoftware.com.au">http://www.radsoftware.com.au</a>
            </remarks>
        </member>
        <member name="F:NorthwindSample.BusinessWebService.Base.ViewOrderDetailsServiceBase.m_ViewOrderDetailsAdapter">
            <summary>
            The strongly-typed DataAdapter to use for Get and Update operations
            </summary>
        </member>
        <member name="F:NorthwindSample.BusinessWebService.Base.ViewOrderDetailsServiceBase.m_DatabaseConnection">
            <summary>
            The Database Connection that will be used to read from and update the Database
            </summary>
        </member>
        <member name="M:NorthwindSample.BusinessWebService.Base.ViewOrderDetailsServiceBase.#ctor">
            <summary>
            Creates a new ViewOrderDetailsService
            </summary>
        </member>
        <member name="M:NorthwindSample.BusinessWebService.Base.ViewOrderDetailsServiceBase.#ctor(RAD.AppFramework.Data.DatabaseConnection)">
            <summary>
            Creates a new ViewOrderDetailsService and sets the Database context
            </summary>
        </member>
        <member name="M:NorthwindSample.BusinessWebService.Base.ViewOrderDetailsServiceBase.UseConnectionAndTransaction(RAD.AppFramework.Data.DatabaseConnection)">
            <summary>
            Specifies the Database connection to use for any Data Access operations
            </summary>
            <param name="dbConnection">the Database connection to use for any Data Access operations</param>
            <returns>true on success, false otherwise</returns>
        </member>
        <member name="M:NorthwindSample.BusinessWebService.Base.ViewOrderDetailsServiceBase.UpdateDataSet(System.Data.DataSet)">
            <summary>
            Perform any inserts, updates or deletes on the DataSet
            </summary>
            <param name="dataSetUpdate">The DataSet to update</param>
            <returns>The populated Data Set</returns>
        </member>
        <member name="M:NorthwindSample.BusinessWebService.Base.ViewOrderDetailsServiceBase.GetAll">
            <summary>
            Returns all rows from the ViewOrderDetails table
            </summary>
            <returns>The populated DataSet</returns>
        </member>
        <member name="M:NorthwindSample.BusinessWebService.Base.ViewOrderDetailsServiceBase.GetByQuery(RAD.AppFramework.QueryObjects.Query)">
            <summary>
            Returns rows by Query Definition
            </summary>
            <param name="queryDefinition">A Query that defines the query</param>
            <returns>A count of the rows added to the DataSet</returns>
        </member>
        <member name="M:NorthwindSample.BusinessWebService.Base.ViewOrderDetailsServiceBase.InitializeComponent">
            <summary>
            Required method for Designer support - do not modify
            the contents of this method with the code editor.
            </summary>
        </member>
        <member name="M:NorthwindSample.BusinessWebService.Base.ViewOrderDetailsServiceBase.Dispose(System.Boolean)">
            <summary>
            Clean up any resources being used.
            </summary>
        </member>
        <member name="P:NorthwindSample.BusinessWebService.Base.ViewOrderDetailsServiceBase.DbConnection">
            <summary>
            The Database Connection that will be used to read from and update the Database
            </summary>
        </member>
        <member name="T:NorthwindSample.BusinessWebService.CategoriesService">
            <summary>
            CategoriesService allows for application specific business logic to be added without 
            having to make changes to the auto-generated CategoriesServiceBase class. 
            </summary>
            <remarks>
            Any additional functionality must be added to the CategoriesService class.
            <br/><br/>
            This class was automatically generated by Rad Software NextGeneration <a href="http://www.radsoftware.com.au">http://www.radsoftware.com.au</a>
            </remarks>
        </member>
        <member name="F:NorthwindSample.BusinessWebService.CategoriesService.m_Instance">
            <summary>
            A static instance of the CategoriesService
            </summary>
        </member>
        <member name="M:NorthwindSample.BusinessWebService.CategoriesService.#ctor">
            <summary>
            Creates a new CategoriesService
            </summary>
        </member>
        <member name="M:NorthwindSample.BusinessWebService.CategoriesService.#ctor(RAD.AppFramework.Data.DatabaseConnection)">
            <summary>
            Creates a new CategoriesService and specifies the Database context
            </summary>		
        </member>
        <member name="M:NorthwindSample.BusinessWebService.CategoriesService.#cctor">
            <summary>
            Initializes the static instance
            </summary>
        </member>
        <member name="P:NorthwindSample.BusinessWebService.CategoriesService.Instance">
            <summary>
            A default instance of the CategoriesService
            </summary>
        </member>
        <member name="T:NorthwindSample.BusinessWebService.CustomerCustomerDemoService">
            <summary>
            CustomerCustomerDemoService allows for application specific business logic to be added without 
            having to make changes to the auto-generated CustomerCustomerDemoServiceBase class. 
            </summary>
            <remarks>
            Any additional functionality must be added to the CustomerCustomerDemoService class.
            <br/><br/>
            This class was automatically generated by Rad Software NextGeneration <a href="http://www.radsoftware.com.au">http://www.radsoftware.com.au</a>
            </remarks>
        </member>
        <member name="F:NorthwindSample.BusinessWebService.CustomerCustomerDemoService.m_Instance">
            <summary>
            A static instance of the CustomerCustomerDemoService
            </summary>
        </member>
        <member name="M:NorthwindSample.BusinessWebService.CustomerCustomerDemoService.#ctor">
            <summary>
            Creates a new CustomerCustomerDemoService
            </summary>
        </member>
        <member name="M:NorthwindSample.BusinessWebService.CustomerCustomerDemoService.#ctor(RAD.AppFramework.Data.DatabaseConnection)">
            <summary>
            Creates a new CustomerCustomerDemoService and specifies the Database context
            </summary>		
        </member>
        <member name="M:NorthwindSample.BusinessWebService.CustomerCustomerDemoService.#cctor">
            <summary>
            Initializes the static instance
            </summary>
        </member>
        <member name="P:NorthwindSample.BusinessWebService.CustomerCustomerDemoService.Instance">
            <summary>
            A default instance of the CustomerCustomerDemoService
            </summary>
        </member>
        <member name="T:NorthwindSample.BusinessWebService.CustomerDemographicsService">
            <summary>
            CustomerDemographicsService allows for application specific business logic to be added without 
            having to make changes to the auto-generated CustomerDemographicsServiceBase class. 
            </summary>
            <remarks>
            Any additional functionality must be added to the CustomerDemographicsService class.
            <br/><br/>
            This class was automatically generated by Rad Software NextGeneration <a href="http://www.radsoftware.com.au">http://www.radsoftware.com.au</a>
            </remarks>
        </member>
        <member name="F:NorthwindSample.BusinessWebService.CustomerDemographicsService.m_Instance">
            <summary>
            A static instance of the CustomerDemographicsService
            </summary>
        </member>
        <member name="M:NorthwindSample.BusinessWebService.CustomerDemographicsService.#ctor">
            <summary>
            Creates a new CustomerDemographicsService
            </summary>
        </member>
        <member name="M:NorthwindSample.BusinessWebService.CustomerDemographicsService.#ctor(RAD.AppFramework.Data.DatabaseConnection)">
            <summary>
            Creates a new CustomerDemographicsService and specifies the Database context
            </summary>		
        </member>
        <member name="M:NorthwindSample.BusinessWebService.CustomerDemographicsService.#cctor">
            <summary>
            Initializes the static instance
            </summary>
        </member>
        <member name="P:NorthwindSample.BusinessWebService.CustomerDemographicsService.Instance">
            <summary>
            A default instance of the CustomerDemographicsService
            </summary>
        </member>
        <member name="T:NorthwindSample.BusinessWebService.CustomersService">
            <summary>
            CustomersService allows for application specific business logic to be added without 
            having to make changes to the auto-generated CustomersServiceBase class. 
            </summary>
            <remarks>
            Any additional functionality must be added to the CustomersService class.
            <br/><br/>
            This class was automatically generated by Rad Software NextGeneration <a href="http://www.radsoftware.com.au">http://www.radsoftware.com.au</a>
            </remarks>
        </member>
        <member name="F:NorthwindSample.BusinessWebService.CustomersService.m_Instance">
            <summary>
            A static instance of the CustomersService
            </summary>
        </member>
        <member name="M:NorthwindSample.BusinessWebService.CustomersService.#ctor">
            <summary>
            Creates a new CustomersService
            </summary>
        </member>
        <member name="M:NorthwindSample.BusinessWebService.CustomersService.#ctor(RAD.AppFramework.Data.DatabaseConnection)">
            <summary>
            Creates a new CustomersService and specifies the Database context
            </summary>		
        </member>
        <member name="M:NorthwindSample.BusinessWebService.CustomersService.#cctor">
            <summary>
            Initializes the static instance
            </summary>
        </member>
        <member name="P:NorthwindSample.BusinessWebService.CustomersService.Instance">
            <summary>
            A default instance of the CustomersService
            </summary>
        </member>
        <member name="T:NorthwindSample.BusinessWebService.EmployeesService">
            <summary>
            EmployeesService allows for application specific business logic to be added without 
            having to make changes to the auto-generated EmployeesServiceBase class. 
            </summary>
            <remarks>
            Any additional functionality must be added to the EmployeesService class.
            <br/><br/>
            This class was automatically generated by Rad Software NextGeneration <a href="http://www.radsoftware.com.au">http://www.radsoftware.com.au</a>
            </remarks>
        </member>
        <member name="F:NorthwindSample.BusinessWebService.EmployeesService.m_Instance">
            <summary>
            A static instance of the EmployeesService
            </summary>
        </member>
        <member name="M:NorthwindSample.BusinessWebService.EmployeesService.#ctor">
            <summary>
            Creates a new EmployeesService
            </summary>
        </member>
        <member name="M:NorthwindSample.BusinessWebService.EmployeesService.#ctor(RAD.AppFramework.Data.DatabaseConnection)">
            <summary>
            Creates a new EmployeesService and specifies the Database context
            </summary>		
        </member>
        <member name="M:NorthwindSample.BusinessWebService.EmployeesService.#cctor">
            <summary>
            Initializes the static instance
            </summary>
        </member>
        <member name="P:NorthwindSample.BusinessWebService.EmployeesService.Instance">
            <summary>
            A default instance of the EmployeesService
            </summary>
        </member>
        <member name="T:NorthwindSample.BusinessWebService.EmployeeTerritoriesService">
            <summary>
            EmployeeTerritoriesService allows for application specific business logic to be added without 
            having to make changes to the auto-generated EmployeeTerritoriesServiceBase class. 
            </summary>
            <remarks>
            Any additional functionality must be added to the EmployeeTerritoriesService class.
            <br/><br/>
            This class was automatically generated by Rad Software NextGeneration <a href="http://www.radsoftware.com.au">http://www.radsoftware.com.au</a>
            </remarks>
        </member>
        <member name="F:NorthwindSample.BusinessWebService.EmployeeTerritoriesService.m_Instance">
            <summary>
            A static instance of the EmployeeTerritoriesService
            </summary>
        </member>
        <member name="M:NorthwindSample.BusinessWebService.EmployeeTerritoriesService.#ctor">
            <summary>
            Creates a new EmployeeTerritoriesService
            </summary>
        </member>
        <member name="M:NorthwindSample.BusinessWebService.EmployeeTerritoriesService.#ctor(RAD.AppFramework.Data.DatabaseConnection)">
            <summary>
            Creates a new EmployeeTerritoriesService and specifies the Database context
            </summary>		
        </member>
        <member name="M:NorthwindSample.BusinessWebService.EmployeeTerritoriesService.#cctor">
            <summary>
            Initializes the static instance
            </summary>
        </member>
        <member name="P:NorthwindSample.BusinessWebService.EmployeeTerritoriesService.Instance">
            <summary>
            A default instance of the EmployeeTerritoriesService
            </summary>
        </member>
        <member name="T:NorthwindSample.BusinessWebService.OrderDetailsService">
            <summary>
            OrderDetailsService allows for application specific business logic to be added without 
            having to make changes to the auto-generated OrderDetailsServiceBase class. 
            </summary>
            <remarks>
            Any additional functionality must be added to the OrderDetailsService class.
            <br/><br/>
            This class was automatically generated by Rad Software NextGeneration <a href="http://www.radsoftware.com.au">http://www.radsoftware.com.au</a>
            </remarks>
        </member>
        <member name="F:NorthwindSample.BusinessWebService.OrderDetailsService.m_Instance">
            <summary>
            A static instance of the OrderDetailsService
            </summary>
        </member>
        <member name="M:NorthwindSample.BusinessWebService.OrderDetailsService.#ctor">
            <summary>
            Creates a new OrderDetailsService
            </summary>
        </member>
        <member name="M:NorthwindSample.BusinessWebService.OrderDetailsService.#ctor(RAD.AppFramework.Data.DatabaseConnection)">
            <summary>
            Creates a new OrderDetailsService and specifies the Database context
            </summary>		
        </member>
        <member name="M:NorthwindSample.BusinessWebService.OrderDetailsService.#cctor">
            <summary>
            Initializes the static instance
            </summary>
        </member>
        <member name="P:NorthwindSample.BusinessWebService.OrderDetailsService.Instance">
            <summary>
            A default instance of the OrderDetailsService
            </summary>
        </member>
        <member name="T:NorthwindSample.BusinessWebService.OrdersService">
            <summary>
            OrdersService allows for application specific business logic to be added without 
            having to make changes to the auto-generated OrdersServiceBase class. 
            </summary>
            <remarks>
            Any additional functionality must be added to the OrdersService class.
            <br/><br/>
            This class was automatically generated by Rad Software NextGeneration <a href="http://www.radsoftware.com.au">http://www.radsoftware.com.au</a>
            </remarks>
        </member>
        <member name="F:NorthwindSample.BusinessWebService.OrdersService.m_Instance">
            <summary>
            A static instance of the OrdersService
            </summary>
        </member>
        <member name="M:NorthwindSample.BusinessWebService.OrdersService.#ctor">
            <summary>
            Creates a new OrdersService
            </summary>
        </member>
        <member name="M:NorthwindSample.BusinessWebService.OrdersService.#ctor(RAD.AppFramework.Data.DatabaseConnection)">
            <summary>
            Creates a new OrdersService and specifies the Database context
            </summary>		
        </member>
        <member name="M:NorthwindSample.BusinessWebService.OrdersService.#cctor">
            <summary>
            Initializes the static instance
            </summary>
        </member>
        <member name="P:NorthwindSample.BusinessWebService.OrdersService.Instance">
            <summary>
            A default instance of the OrdersService
            </summary>
        </member>
        <member name="T:NorthwindSample.BusinessWebService.ProductsService">
            <summary>
            ProductsService allows for application specific business logic to be added without 
            having to make changes to the auto-generated ProductsServiceBase class. 
            </summary>
            <remarks>
            Any additional functionality must be added to the ProductsService class.
            <br/><br/>
            This class was automatically generated by Rad Software NextGeneration <a href="http://www.radsoftware.com.au">http://www.radsoftware.com.au</a>
            </remarks>
        </member>
        <member name="F:NorthwindSample.BusinessWebService.ProductsService.m_Instance">
            <summary>
            A static instance of the ProductsService
            </summary>
        </member>
        <member name="M:NorthwindSample.BusinessWebService.ProductsService.#ctor">
            <summary>
            Creates a new ProductsService
            </summary>
        </member>
        <member name="M:NorthwindSample.BusinessWebService.ProductsService.#ctor(RAD.AppFramework.Data.DatabaseConnection)">
            <summary>
            Creates a new ProductsService and specifies the Database context
            </summary>		
        </member>
        <member name="M:NorthwindSample.BusinessWebService.ProductsService.#cctor">
            <summary>
            Initializes the static instance
            </summary>
        </member>
        <member name="P:NorthwindSample.BusinessWebService.ProductsService.Instance">
            <summary>
            A default instance of the ProductsService
            </summary>
        </member>
        <member name="T:NorthwindSample.BusinessWebService.RegionService">
            <summary>
            RegionService allows for application specific business logic to be added without 
            having to make changes to the auto-generated RegionServiceBase class. 
            </summary>
            <remarks>
            Any additional functionality must be added to the RegionService class.
            <br/><br/>
            This class was automatically generated by Rad Software NextGeneration <a href="http://www.radsoftware.com.au">http://www.radsoftware.com.au</a>
            </remarks>
        </member>
        <member name="F:NorthwindSample.BusinessWebService.RegionService.m_Instance">
            <summary>
            A static instance of the RegionService
            </summary>
        </member>
        <member name="M:NorthwindSample.BusinessWebService.RegionService.#ctor">
            <summary>
            Creates a new RegionService
            </summary>
        </member>
        <member name="M:NorthwindSample.BusinessWebService.RegionService.#ctor(RAD.AppFramework.Data.DatabaseConnection)">
            <summary>
            Creates a new RegionService and specifies the Database context
            </summary>		
        </member>
        <member name="M:NorthwindSample.BusinessWebService.RegionService.#cctor">
            <summary>
            Initializes the static instance
            </summary>
        </member>
        <member name="P:NorthwindSample.BusinessWebService.RegionService.Instance">
            <summary>
            A default instance of the RegionService
            </summary>
        </member>
        <member name="T:NorthwindSample.BusinessWebService.ShippersService">
            <summary>
            ShippersService allows for application specific business logic to be added without 
            having to make changes to the auto-generated ShippersServiceBase class. 
            </summary>
            <remarks>
            Any additional functionality must be added to the ShippersService class.
            <br/><br/>
            This class was automatically generated by Rad Software NextGeneration <a href="http://www.radsoftware.com.au">http://www.radsoftware.com.au</a>
            </remarks>
        </member>
        <member name="F:NorthwindSample.BusinessWebService.ShippersService.m_Instance">
            <summary>
            A static instance of the ShippersService
            </summary>
        </member>
        <member name="M:NorthwindSample.BusinessWebService.ShippersService.#ctor">
            <summary>
            Creates a new ShippersService
            </summary>
        </member>
        <member name="M:NorthwindSample.BusinessWebService.ShippersService.#ctor(RAD.AppFramework.Data.DatabaseConnection)">
            <summary>
            Creates a new ShippersService and specifies the Database context
            </summary>		
        </member>
        <member name="M:NorthwindSample.BusinessWebService.ShippersService.#cctor">
            <summary>
            Initializes the static instance
            </summary>
        </member>
        <member name="P:NorthwindSample.BusinessWebService.ShippersService.Instance">
            <summary>
            A default instance of the ShippersService
            </summary>
        </member>
        <member name="T:NorthwindSample.BusinessWebService.SuppliersService">
            <summary>
            SuppliersService allows for application specific business logic to be added without 
            having to make changes to the auto-generated SuppliersServiceBase class. 
            </summary>
            <remarks>
            Any additional functionality must be added to the SuppliersService class.
            <br/><br/>
            This class was automatically generated by Rad Software NextGeneration <a href="http://www.radsoftware.com.au">http://www.radsoftware.com.au</a>
            </remarks>
        </member>
        <member name="F:NorthwindSample.BusinessWebService.SuppliersService.m_Instance">
            <summary>
            A static instance of the SuppliersService
            </summary>
        </member>
        <member name="M:NorthwindSample.BusinessWebService.SuppliersService.#ctor">
            <summary>
            Creates a new SuppliersService
            </summary>
        </member>
        <member name="M:NorthwindSample.BusinessWebService.SuppliersService.#ctor(RAD.AppFramework.Data.DatabaseConnection)">
            <summary>
            Creates a new SuppliersService and specifies the Database context
            </summary>		
        </member>
        <member name="M:NorthwindSample.BusinessWebService.SuppliersService.#cctor">
            <summary>
            Initializes the static instance
            </summary>
        </member>
        <member name="P:NorthwindSample.BusinessWebService.SuppliersService.Instance">
            <summary>
            A default instance of the SuppliersService
            </summary>
        </member>
        <member name="T:NorthwindSample.BusinessWebService.TerritoriesService">
            <summary>
            TerritoriesService allows for application specific business logic to be added without 
            having to make changes to the auto-generated TerritoriesServiceBase class. 
            </summary>
            <remarks>
            Any additional functionality must be added to the TerritoriesService class.
            <br/><br/>
            This class was automatically generated by Rad Software NextGeneration <a href="http://www.radsoftware.com.au">http://www.radsoftware.com.au</a>
            </remarks>
        </member>
        <member name="F:NorthwindSample.BusinessWebService.TerritoriesService.m_Instance">
            <summary>
            A static instance of the TerritoriesService
            </summary>
        </member>
        <member name="M:NorthwindSample.BusinessWebService.TerritoriesService.#ctor">
            <summary>
            Creates a new TerritoriesService
            </summary>
        </member>
        <member name="M:NorthwindSample.BusinessWebService.TerritoriesService.#ctor(RAD.AppFramework.Data.DatabaseConnection)">
            <summary>
            Creates a new TerritoriesService and specifies the Database context
            </summary>		
        </member>
        <member name="M:NorthwindSample.BusinessWebService.TerritoriesService.#cctor">
            <summary>
            Initializes the static instance
            </summary>
        </member>
        <member name="P:NorthwindSample.BusinessWebService.TerritoriesService.Instance">
            <summary>
            A default instance of the TerritoriesService
            </summary>
        </member>
        <member name="T:NorthwindSample.BusinessWebService.ViewOrderDetailsService">
            <summary>
            ViewOrderDetailsService allows for application specific business logic to be added without 
            having to make changes to the auto-generated ViewOrderDetailsServiceBase class. 
            </summary>
            <remarks>
            Any additional functionality must be added to the ViewOrderDetailsService class.
            <br/><br/>
            This class was automatically generated by Rad Software NextGeneration <a href="http://www.radsoftware.com.au">http://www.radsoftware.com.au</a>
            </remarks>
        </member>
        <member name="F:NorthwindSample.BusinessWebService.ViewOrderDetailsService.m_Instance">
            <summary>
            A static instance of the ViewOrderDetailsService
            </summary>
        </member>
        <member name="M:NorthwindSample.BusinessWebService.ViewOrderDetailsService.#ctor">
            <summary>
            Creates a new ViewOrderDetailsService
            </summary>
        </member>
        <member name="M:NorthwindSample.BusinessWebService.ViewOrderDetailsService.#ctor(RAD.AppFramework.Data.DatabaseConnection)">
            <summary>
            Creates a new ViewOrderDetailsService and specifies the Database context
            </summary>		
        </member>
        <member name="M:NorthwindSample.BusinessWebService.ViewOrderDetailsService.#cctor">
            <summary>
            Initializes the static instance
            </summary>
        </member>
        <member name="P:NorthwindSample.BusinessWebService.ViewOrderDetailsService.Instance">
            <summary>
            A default instance of the ViewOrderDetailsService
            </summary>
        </member>
    </members>
</doc>
