<?xml version="1.0"?>
<doc>
    <assembly>
        <name>NorthwindSample.Common</name>
    </assembly>
    <members>
        <member name="T:NorthwindSample.DatabaseSchema.CategoriesTable">
            <summary>
            Defines the schema of the Categories table for use with the Query objects
            </summary>
        </member>
        <member name="F:NorthwindSample.DatabaseSchema.CategoriesTable.CategoryID">
            <summary>
            CategoryID Column 
            </summary>
        </member>
        <member name="F:NorthwindSample.DatabaseSchema.CategoriesTable.CategoryName">
            <summary>
            CategoryName Column 
            </summary>
        </member>
        <member name="F:NorthwindSample.DatabaseSchema.CategoriesTable.Description">
            <summary>
            Description Column 
            </summary>
        </member>
        <member name="F:NorthwindSample.DatabaseSchema.CategoriesTable.Picture">
            <summary>
            Picture Column 
            </summary>
        </member>
        <member name="T:NorthwindSample.DatabaseSchema.CustomerCustomerDemoTable">
            <summary>
            Defines the schema of the CustomerCustomerDemo table for use with the Query objects
            </summary>
        </member>
        <member name="F:NorthwindSample.DatabaseSchema.CustomerCustomerDemoTable.CustomerID">
            <summary>
            CustomerID Column 
            </summary>
        </member>
        <member name="F:NorthwindSample.DatabaseSchema.CustomerCustomerDemoTable.CustomerTypeID">
            <summary>
            CustomerTypeID Column 
            </summary>
        </member>
        <member name="T:NorthwindSample.DatabaseSchema.CustomerDemographicsTable">
            <summary>
            Defines the schema of the CustomerDemographics table for use with the Query objects
            </summary>
        </member>
        <member name="F:NorthwindSample.DatabaseSchema.CustomerDemographicsTable.CustomerTypeID">
            <summary>
            CustomerTypeID Column 
            </summary>
        </member>
        <member name="F:NorthwindSample.DatabaseSchema.CustomerDemographicsTable.CustomerDesc">
            <summary>
            CustomerDesc Column 
            </summary>
        </member>
        <member name="T:NorthwindSample.DatabaseSchema.CustomersTable">
            <summary>
            Defines the schema of the Customers table for use with the Query objects
            </summary>
        </member>
        <member name="F:NorthwindSample.DatabaseSchema.CustomersTable.CustomerID">
            <summary>
            CustomerID Column 
            </summary>
        </member>
        <member name="F:NorthwindSample.DatabaseSchema.CustomersTable.CompanyName">
            <summary>
            CompanyName Column 
            </summary>
        </member>
        <member name="F:NorthwindSample.DatabaseSchema.CustomersTable.ContactName">
            <summary>
            ContactName Column 
            </summary>
        </member>
        <member name="F:NorthwindSample.DatabaseSchema.CustomersTable.ContactTitle">
            <summary>
            ContactTitle Column 
            </summary>
        </member>
        <member name="F:NorthwindSample.DatabaseSchema.CustomersTable.Address">
            <summary>
            Address Column 
            </summary>
        </member>
        <member name="F:NorthwindSample.DatabaseSchema.CustomersTable.City">
            <summary>
            City Column 
            </summary>
        </member>
        <member name="F:NorthwindSample.DatabaseSchema.CustomersTable.Region">
            <summary>
            Region Column 
            </summary>
        </member>
        <member name="F:NorthwindSample.DatabaseSchema.CustomersTable.PostalCode">
            <summary>
            PostalCode Column 
            </summary>
        </member>
        <member name="F:NorthwindSample.DatabaseSchema.CustomersTable.Country">
            <summary>
            Country Column 
            </summary>
        </member>
        <member name="F:NorthwindSample.DatabaseSchema.CustomersTable.Phone">
            <summary>
            Phone Column 
            </summary>
        </member>
        <member name="F:NorthwindSample.DatabaseSchema.CustomersTable.Fax">
            <summary>
            Fax Column 
            </summary>
        </member>
        <member name="T:NorthwindSample.DatabaseSchema.EmployeesTable">
            <summary>
            Defines the schema of the Employees table for use with the Query objects
            </summary>
        </member>
        <member name="F:NorthwindSample.DatabaseSchema.EmployeesTable.EmployeeID">
            <summary>
            EmployeeID Column 
            </summary>
        </member>
        <member name="F:NorthwindSample.DatabaseSchema.EmployeesTable.LastName">
            <summary>
            LastName Column 
            </summary>
        </member>
        <member name="F:NorthwindSample.DatabaseSchema.EmployeesTable.FirstName">
            <summary>
            FirstName Column 
            </summary>
        </member>
        <member name="F:NorthwindSample.DatabaseSchema.EmployeesTable.Title">
            <summary>
            Title Column 
            </summary>
        </member>
        <member name="F:NorthwindSample.DatabaseSchema.EmployeesTable.TitleOfCourtesy">
            <summary>
            TitleOfCourtesy Column 
            </summary>
        </member>
        <member name="F:NorthwindSample.DatabaseSchema.EmployeesTable.BirthDate">
            <summary>
            BirthDate Column 
            </summary>
        </member>
        <member name="F:NorthwindSample.DatabaseSchema.EmployeesTable.HireDate">
            <summary>
            HireDate Column 
            </summary>
        </member>
        <member name="F:NorthwindSample.DatabaseSchema.EmployeesTable.Address">
            <summary>
            Address Column 
            </summary>
        </member>
        <member name="F:NorthwindSample.DatabaseSchema.EmployeesTable.City">
            <summary>
            City Column 
            </summary>
        </member>
        <member name="F:NorthwindSample.DatabaseSchema.EmployeesTable.Region">
            <summary>
            Region Column 
            </summary>
        </member>
        <member name="F:NorthwindSample.DatabaseSchema.EmployeesTable.PostalCode">
            <summary>
            PostalCode Column 
            </summary>
        </member>
        <member name="F:NorthwindSample.DatabaseSchema.EmployeesTable.Country">
            <summary>
            Country Column 
            </summary>
        </member>
        <member name="F:NorthwindSample.DatabaseSchema.EmployeesTable.HomePhone">
            <summary>
            HomePhone Column 
            </summary>
        </member>
        <member name="F:NorthwindSample.DatabaseSchema.EmployeesTable.Extension">
            <summary>
            Extension Column 
            </summary>
        </member>
        <member name="F:NorthwindSample.DatabaseSchema.EmployeesTable.Photo">
            <summary>
            Photo Column 
            </summary>
        </member>
        <member name="F:NorthwindSample.DatabaseSchema.EmployeesTable.Notes">
            <summary>
            Notes Column 
            </summary>
        </member>
        <member name="F:NorthwindSample.DatabaseSchema.EmployeesTable.ReportsTo">
            <summary>
            ReportsTo Column 
            </summary>
        </member>
        <member name="F:NorthwindSample.DatabaseSchema.EmployeesTable.PhotoPath">
            <summary>
            PhotoPath Column 
            </summary>
        </member>
        <member name="T:NorthwindSample.DatabaseSchema.EmployeeTerritoriesTable">
            <summary>
            Defines the schema of the EmployeeTerritories table for use with the Query objects
            </summary>
        </member>
        <member name="F:NorthwindSample.DatabaseSchema.EmployeeTerritoriesTable.EmployeeID">
            <summary>
            EmployeeID Column 
            </summary>
        </member>
        <member name="F:NorthwindSample.DatabaseSchema.EmployeeTerritoriesTable.TerritoryID">
            <summary>
            TerritoryID Column 
            </summary>
        </member>
        <member name="T:NorthwindSample.DatabaseSchema.OrderDetailsTable">
            <summary>
            Defines the schema of the Order Details table for use with the Query objects
            </summary>
        </member>
        <member name="F:NorthwindSample.DatabaseSchema.OrderDetailsTable.OrderID">
            <summary>
            OrderID Column 
            </summary>
        </member>
        <member name="F:NorthwindSample.DatabaseSchema.OrderDetailsTable.ProductID">
            <summary>
            ProductID Column 
            </summary>
        </member>
        <member name="F:NorthwindSample.DatabaseSchema.OrderDetailsTable.UnitPrice">
            <summary>
            UnitPrice Column 
            </summary>
        </member>
        <member name="F:NorthwindSample.DatabaseSchema.OrderDetailsTable.Quantity">
            <summary>
            Quantity Column 
            </summary>
        </member>
        <member name="F:NorthwindSample.DatabaseSchema.OrderDetailsTable.Discount">
            <summary>
            Discount Column 
            </summary>
        </member>
        <member name="T:NorthwindSample.DatabaseSchema.OrdersTable">
            <summary>
            Defines the schema of the Orders table for use with the Query objects
            </summary>
        </member>
        <member name="F:NorthwindSample.DatabaseSchema.OrdersTable.OrderID">
            <summary>
            OrderID Column 
            </summary>
        </member>
        <member name="F:NorthwindSample.DatabaseSchema.OrdersTable.CustomerID">
            <summary>
            CustomerID Column 
            </summary>
        </member>
        <member name="F:NorthwindSample.DatabaseSchema.OrdersTable.EmployeeID">
            <summary>
            EmployeeID Column 
            </summary>
        </member>
        <member name="F:NorthwindSample.DatabaseSchema.OrdersTable.OrderDate">
            <summary>
            OrderDate Column 
            </summary>
        </member>
        <member name="F:NorthwindSample.DatabaseSchema.OrdersTable.RequiredDate">
            <summary>
            RequiredDate Column 
            </summary>
        </member>
        <member name="F:NorthwindSample.DatabaseSchema.OrdersTable.ShippedDate">
            <summary>
            ShippedDate Column 
            </summary>
        </member>
        <member name="F:NorthwindSample.DatabaseSchema.OrdersTable.ShipVia">
            <summary>
            ShipVia Column 
            </summary>
        </member>
        <member name="F:NorthwindSample.DatabaseSchema.OrdersTable.Freight">
            <summary>
            Freight Column 
            </summary>
        </member>
        <member name="F:NorthwindSample.DatabaseSchema.OrdersTable.ShipName">
            <summary>
            ShipName Column 
            </summary>
        </member>
        <member name="F:NorthwindSample.DatabaseSchema.OrdersTable.ShipAddress">
            <summary>
            ShipAddress Column 
            </summary>
        </member>
        <member name="F:NorthwindSample.DatabaseSchema.OrdersTable.ShipCity">
            <summary>
            ShipCity Column 
            </summary>
        </member>
        <member name="F:NorthwindSample.DatabaseSchema.OrdersTable.ShipRegion">
            <summary>
            ShipRegion Column 
            </summary>
        </member>
        <member name="F:NorthwindSample.DatabaseSchema.OrdersTable.ShipPostalCode">
            <summary>
            ShipPostalCode Column 
            </summary>
        </member>
        <member name="F:NorthwindSample.DatabaseSchema.OrdersTable.ShipCountry">
            <summary>
            ShipCountry Column 
            </summary>
        </member>
        <member name="T:NorthwindSample.DatabaseSchema.ProductsTable">
            <summary>
            Defines the schema of the Products table for use with the Query objects
            </summary>
        </member>
        <member name="F:NorthwindSample.DatabaseSchema.ProductsTable.ProductID">
            <summary>
            ProductID Column 
            </summary>
        </member>
        <member name="F:NorthwindSample.DatabaseSchema.ProductsTable.ProductName">
            <summary>
            ProductName Column 
            </summary>
        </member>
        <member name="F:NorthwindSample.DatabaseSchema.ProductsTable.SupplierID">
            <summary>
            SupplierID Column 
            </summary>
        </member>
        <member name="F:NorthwindSample.DatabaseSchema.ProductsTable.CategoryID">
            <summary>
            CategoryID Column 
            </summary>
        </member>
        <member name="F:NorthwindSample.DatabaseSchema.ProductsTable.QuantityPerUnit">
            <summary>
            QuantityPerUnit Column 
            </summary>
        </member>
        <member name="F:NorthwindSample.DatabaseSchema.ProductsTable.UnitPrice">
            <summary>
            UnitPrice Column 
            </summary>
        </member>
        <member name="F:NorthwindSample.DatabaseSchema.ProductsTable.UnitsInStock">
            <summary>
            UnitsInStock Column 
            </summary>
        </member>
        <member name="F:NorthwindSample.DatabaseSchema.ProductsTable.UnitsOnOrder">
            <summary>
            UnitsOnOrder Column 
            </summary>
        </member>
        <member name="F:NorthwindSample.DatabaseSchema.ProductsTable.ReorderLevel">
            <summary>
            ReorderLevel Column 
            </summary>
        </member>
        <member name="F:NorthwindSample.DatabaseSchema.ProductsTable.Discontinued">
            <summary>
            Discontinued Column 
            </summary>
        </member>
        <member name="T:NorthwindSample.DatabaseSchema.RegionTable">
            <summary>
            Defines the schema of the Region table for use with the Query objects
            </summary>
        </member>
        <member name="F:NorthwindSample.DatabaseSchema.RegionTable.RegionID">
            <summary>
            RegionID Column 
            </summary>
        </member>
        <member name="F:NorthwindSample.DatabaseSchema.RegionTable.RegionDescription">
            <summary>
            RegionDescription Column 
            </summary>
        </member>
        <member name="T:NorthwindSample.DatabaseSchema.ShippersTable">
            <summary>
            Defines the schema of the Shippers table for use with the Query objects
            </summary>
        </member>
        <member name="F:NorthwindSample.DatabaseSchema.ShippersTable.ShipperID">
            <summary>
            ShipperID Column 
            </summary>
        </member>
        <member name="F:NorthwindSample.DatabaseSchema.ShippersTable.CompanyName">
            <summary>
            CompanyName Column 
            </summary>
        </member>
        <member name="F:NorthwindSample.DatabaseSchema.ShippersTable.Phone">
            <summary>
            Phone Column 
            </summary>
        </member>
        <member name="T:NorthwindSample.DatabaseSchema.SuppliersTable">
            <summary>
            Defines the schema of the Suppliers table for use with the Query objects
            </summary>
        </member>
        <member name="F:NorthwindSample.DatabaseSchema.SuppliersTable.SupplierID">
            <summary>
            SupplierID Column 
            </summary>
        </member>
        <member name="F:NorthwindSample.DatabaseSchema.SuppliersTable.CompanyName">
            <summary>
            CompanyName Column 
            </summary>
        </member>
        <member name="F:NorthwindSample.DatabaseSchema.SuppliersTable.ContactName">
            <summary>
            ContactName Column 
            </summary>
        </member>
        <member name="F:NorthwindSample.DatabaseSchema.SuppliersTable.ContactTitle">
            <summary>
            ContactTitle Column 
            </summary>
        </member>
        <member name="F:NorthwindSample.DatabaseSchema.SuppliersTable.Address">
            <summary>
            Address Column 
            </summary>
        </member>
        <member name="F:NorthwindSample.DatabaseSchema.SuppliersTable.City">
            <summary>
            City Column 
            </summary>
        </member>
        <member name="F:NorthwindSample.DatabaseSchema.SuppliersTable.Region">
            <summary>
            Region Column 
            </summary>
        </member>
        <member name="F:NorthwindSample.DatabaseSchema.SuppliersTable.PostalCode">
            <summary>
            PostalCode Column 
            </summary>
        </member>
        <member name="F:NorthwindSample.DatabaseSchema.SuppliersTable.Country">
            <summary>
            Country Column 
            </summary>
        </member>
        <member name="F:NorthwindSample.DatabaseSchema.SuppliersTable.Phone">
            <summary>
            Phone Column 
            </summary>
        </member>
        <member name="F:NorthwindSample.DatabaseSchema.SuppliersTable.Fax">
            <summary>
            Fax Column 
            </summary>
        </member>
        <member name="F:NorthwindSample.DatabaseSchema.SuppliersTable.HomePage">
            <summary>
            HomePage Column 
            </summary>
        </member>
        <member name="T:NorthwindSample.DatabaseSchema.TerritoriesTable">
            <summary>
            Defines the schema of the Territories table for use with the Query objects
            </summary>
        </member>
        <member name="F:NorthwindSample.DatabaseSchema.TerritoriesTable.TerritoryID">
            <summary>
            TerritoryID Column 
            </summary>
        </member>
        <member name="F:NorthwindSample.DatabaseSchema.TerritoriesTable.TerritoryDescription">
            <summary>
            TerritoryDescription Column 
            </summary>
        </member>
        <member name="F:NorthwindSample.DatabaseSchema.TerritoriesTable.RegionID">
            <summary>
            RegionID Column 
            </summary>
        </member>
        <member name="T:NorthwindSample.DatabaseSchema.ViewOrderDetailsTable">
            <summary>
            Defines the schema of the ViewOrderDetails table for use with the Query objects
            </summary>
        </member>
        <member name="F:NorthwindSample.DatabaseSchema.ViewOrderDetailsTable.OrderID">
            <summary>
            OrderID Column 
            </summary>
        </member>
        <member name="F:NorthwindSample.DatabaseSchema.ViewOrderDetailsTable.ProductID">
            <summary>
            ProductID Column 
            </summary>
        </member>
        <member name="F:NorthwindSample.DatabaseSchema.ViewOrderDetailsTable.ProductName">
            <summary>
            ProductName Column 
            </summary>
        </member>
        <member name="F:NorthwindSample.DatabaseSchema.ViewOrderDetailsTable.UnitPrice">
            <summary>
            UnitPrice Column 
            </summary>
        </member>
        <member name="F:NorthwindSample.DatabaseSchema.ViewOrderDetailsTable.Quantity">
            <summary>
            Quantity Column 
            </summary>
        </member>
        <member name="F:NorthwindSample.DatabaseSchema.ViewOrderDetailsTable.Discount">
            <summary>
            Discount Column 
            </summary>
        </member>
        <member name="T:NorthwindSample.Common.CommonFactory">
            <summary>
            AbstractDataObjectFactory creates the 
            appropriate DatabaseAccessObjectFactory for the application
            </summary>
        </member>
        <member name="M:NorthwindSample.Common.CommonFactory.CreateDataObjectFactory">
            <summary>
            Creates a DataObject Factory
            </summary>
            <returns>a DatabaseAccessObjectFactory</returns>
        </member>
        <member name="M:NorthwindSample.Common.CommonFactory.CreateQuery">
            <summary>
            Creates a Query with the appropriate QueryBuilder for the database connection
            </summary>
            <returns>a new Query</returns>
        </member>
        <member name="M:NorthwindSample.Common.CommonFactory.#ctor">
            <summary>
            An instance of this class cannot be created
            </summary>
        </member>
    </members>
</doc>
